1,1,0
3,1,0
5,1,0
7,1,0
9,1,0
11,1,0
13,1,1
15,1,0
17,1,0
19,1,0
21,1,1
23,1,0
25,1,0
27,1,0
29,1,0
31,1,0
33,1,0
35,1,0
37,1,1
39,1,0
41,1,0
43,1,0
45,1,0
47,1,0
49,1,0
51,1,1
53,1,0
55,1,0
57,1,0
59,1,1
61,1,0
63,1,0
65,1,0
67,1,1
69,1,0
71,1,0
73,1,0
75,1,0
77,1,0
79,1,1
81,1,1
83,1,0
85,1,0
87,1,0
89,1,0
91,1,0
93,1,0
95,1,0
97,1,0
99,1,0
1,2,1
3,2,1
5,2,1
7,2,1
9,2,0
11,2,1
13,2,0
15,2,1
17,2,1
19,2,0
21,2,0
23,2,1
25,2,1
27,2,1
29,2,0
31,2,0
33,2,1
35,2,1
37,2,1
39,2,1
41,2,1
43,2,1
45,2,1
47,2,0
49,2,1
51,2,1
53,2,1
55,2,0
57,2,1
59,2,0
61,2,1
63,2,1
65,2,1
67,2,1
69,2,1
71,2,1
73,2,1
75,2,1
77,2,1
79,2,1
81,2,1
83,2,1
85,2,0
87,2,1
89,2,0
91,2,0
93,2,1
95,2,1
97,2,1
99,2,1
1,3,0
3,3,0
5,3,1
7,3,1
9,3,0
11,3,1
13,3,1
15,3,0
17,3,0
19,3,0
21,3,1
23,3,1
25,3,1
27,3,0
29,3,1
31,3,1
33,3,1
35,3,0
37,3,0
39,3,1
41,3,0
43,3,1
45,3,0
47,3,0
49,3,0
51,3,1
53,3,0
55,3,0
57,3,0
59,3,0
61,3,1
63,3,0
65,3,0
67,3,1
69,3,0
71,3,0
73,3,0
75,3,0
77,3,0
79,3,1
81,3,0
83,3,0
85,3,0
87,3,1
89,3,1
91,3,0
93,3,1
95,3,1
97,3,0
99,3,1
1,4,1
3,4,1
5,4,1
7,4,1
9,4,1
11,4,1
13,4,1
15,4,1
17,4,0
19,4,1
21,4,1
23,4,1
25,4,1
27,4,1
29,4,1
31,4,1
33,4,1
35,4,1
37,4,1
39,4,1
41,4,1
43,4,1
45,4,1
47,4,1
49,4,1
51,4,1
53,4,0
55,4,1
57,4,1
59,4,1
61,4,1
63,4,1
65,4,1
67,4,1
69,4,1
71,4,1
73,4,1
75,4,1
77,4,1
79,4,1
81,4,1
83,4,1
85,4,1
87,4,1
89,4,1
91,4,1
93,4,0
95,4,1
97,4,1
99,4,1
1,5,1
3,5,1
5,5,1
7,5,1
9,5,1
11,5,1
13,5,1
15,5,1
17,5,1
19,5,1
21,5,1
23,5,1
25,5,1
27,5,0
29,5,0
31,5,0
33,5,1
35,5,1
37,5,1
39,5,0
41,5,1
43,5,1
45,5,1
47,5,1
49,5,1
51,5,1
53,5,1
55,5,1
57,5,1
59,5,1
61,5,1
63,5,1
65,5,1
67,5,1
69,5,1
71,5,0
73,5,1
75,5,1
77,5,0
79,5,1
81,5,1
83,5,1
85,5,1
87,5,0
89,5,1
91,5,1
93,5,1
95,5,0
97,5,1
99,5,1
1,6,1
3,6,0
5,6,1
7,6,1
9,6,1
11,6,1
13,6,0
15,6,1
17,6,1
19,6,1
21,6,1
23,6,0
25,6,1
27,6,1
29,6,0
31,6,1
33,6,0
35,6,1
37,6,1
39,6,1
41,6,1
43,6,1
45,6,0
47,6,1
49,6,1
51,6,1
53,6,1
55,6,1
57,6,0
59,6,1
61,6,1
63,6,1
65,6,1
67,6,1
69,6,1
71,6,1
73,6,0
75,6,0
77,6,0
79,6,1
81,6,1
83,6,1
85,6,0
87,6,1
89,6,0
91,6,1
93,6,0
95,6,0
97,6,1
99,6,0
1,7,1
3,7,1
5,7,1
7,7,1
9,7,1
11,7,1
13,7,1
15,7,0
17,7,1
19,7,1
21,7,0
23,7,1
25,7,1
27,7,1
29,7,1
31,7,1
33,7,1
35,7,1
37,7,1
39,7,1
41,7,1
43,7,1
45,7,0
47,7,1
49,7,1
51,7,1
53,7,0
55,7,1
57,7,1
59,7,0
61,7,1
63,7,0
65,7,1
67,7,0
69,7,1
71,7,0
73,7,1
75,7,1
77,7,1
79,7,0
81,7,1
83,7,1
85,7,0
87,7,1
89,7,1
91,7,1
93,7,0
95,7,1
97,7,1
99,7,1
1,8,1
3,8,1
5,8,0
7,8,1
9,8,0
11,8,1
13,8,1
15,8,0
17,8,1
19,8,1
21,8,1
23,8,1
25,8,1
27,8,1
29,8,1
31,8,1
33,8,1
35,8,1
37,8,0
39,8,1
41,8,1
43,8,1
45,8,1
47,8,1
49,8,1
51,8,1
53,8,1
55,8,1
57,8,1
59,8,1
61,8,1
63,8,1
65,8,1
67,8,1
69,8,1
71,8,1
73,8,1
75,8,1
77,8,0
79,8,0
81,8,1
83,8,1
85,8,1
87,8,1
89,8,1
91,8,1
93,8,1
95,8,1
97,8,1
99,8,1
1,9,1
3,9,1
5,9,1
7,9,1
9,9,1
11,9,1
13,9,1
15,9,1
17,9,1
19,9,1
21,9,1
23,9,1
25,9,1
27,9,1
29,9,1
31,9,1
33,9,1
35,9,1
37,9,1
39,9,1
41,9,1
43,9,1
45,9,1
47,9,1
49,9,1
51,9,1
53,9,1
55,9,1
57,9,1
59,9,1
61,9,1
63,9,1
65,9,1
67,9,1
69,9,1
71,9,1
73,9,1
75,9,1
77,9,1
79,9,1
81,9,1
83,9,1
85,9,1
87,9,1
89,9,1
91,9,1
93,9,1
95,9,1
97,9,1
99,9,1
1,10,0
3,10,0
5,10,1
7,10,0
9,10,0
11,10,0
13,10,0
15,10,1
17,10,1
19,10,0
21,10,1
23,10,0
25,10,0
27,10,0
29,10,1
31,10,1
33,10,0
35,10,0
37,10,0
39,10,0
41,10,0
43,10,1
45,10,1
47,10,0
49,10,1
51,10,1
53,10,0
55,10,1
57,10,0
59,10,1
61,10,0
63,10,0
65,10,1
67,10,1
69,10,1
71,10,1
73,10,0
75,10,1
77,10,1
79,10,1
81,10,1
83,10,1
85,10,0
87,10,0
89,10,1
91,10,1
93,10,0
95,10,1
97,10,1
99,10,0
1,11,0
3,11,1
5,11,1
7,11,0
9,11,0
11,11,0
13,11,1
15,11,0
17,11,0
19,11,0
21,11,0
23,11,0
25,11,0
27,11,0
29,11,0
31,11,0
33,11,0
35,11,1
37,11,0
39,11,0
41,11,0
43,11,0
45,11,0
47,11,0
49,11,0
51,11,0
53,11,0
55,11,1
57,11,1
59,11,1
61,11,0
63,11,0
65,11,1
67,11,0
69,11,1
71,11,0
73,11,0
75,11,1
77,11,0
79,11,1
81,11,1
83,11,1
85,11,0
87,11,0
89,11,0
91,11,1
93,11,0
95,11,0
97,11,1
99,11,0
1,12,1
3,12,1
5,12,1
7,12,1
9,12,0
11,12,0
13,12,1
15,12,1
17,12,0
19,12,1
21,12,1
23,12,1
25,12,1
27,12,1
29,12,1
31,12,1
33,12,1
35,12,1
37,12,1
39,12,0
41,12,0
43,12,0
45,12,0
47,12,0
49,12,1
51,12,1
53,12,0
55,12,1
57,12,1
59,12,1
61,12,0
63,12,1
65,12,1
67,12,1
69,12,1
71,12,0
73,12,0
75,12,1
77,12,0
79,12,1
81,12,1
83,12,0
85,12,0
87,12,1
89,12,0
91,12,1
93,12,1
95,12,0
97,12,1
99,12,1
1,13,0
3,13,1
5,13,1
7,13,1
9,13,1
11,13,1
13,13,0
15,13,1
17,13,1
19,13,0
21,13,1
23,13,1
25,13,1
27,13,0
29,13,1
31,13,1
33,13,1
35,13,1
37,13,0
39,13,1
41,13,0
43,13,1
45,13,1
47,13,0
49,13,1
51,13,0
53,13,1
55,13,1
57,13,1
59,13,1
61,13,1
63,13,1
65,13,1
67,13,1
69,13,1
71,13,0
73,13,1
75,13,1
77,13,0
79,13,1
81,13,1
83,13,1
85,13,1
87,13,0
89,13,1
91,13,0
93,13,1
95,13,1
97,13,1
99,13,1
1,14,1
3,14,0
5,14,1
7,14,1
9,14,1
11,14,1
13,14,1
15,14,1
17,14,1
19,14,1
21,14,0
23,14,1
25,14,1
27,14,1
29,14,1
31,14,0
33,14,0
35,14,0
37,14,0
39,14,0
41,14,1
43,14,1
45,14,0
47,14,0
49,14,1
51,14,1
53,14,1
55,14,1
57,14,1
59,14,1
61,14,0
63,14,0
65,14,1
67,14,1
69,14,1
71,14,0
73,14,1
75,14,1
77,14,0
79,14,0
81,14,1
83,14,1
85,14,1
87,14,1
89,14,1
91,14,0
93,14,0
95,14,0
97,14,1
99,14,1
1,15,1
3,15,1
5,15,1
7,15,1
9,15,0
11,15,1
13,15,1
15,15,0
17,15,1
19,15,1
21,15,0
23,15,1
25,15,1
27,15,1
29,15,1
31,15,1
33,15,1
35,15,0
37,15,1
39,15,1
41,15,0
43,15,1
45,15,1
47,15,1
49,15,0
51,15,1
53,15,0
55,15,1
57,15,0
59,15,1
61,15,1
63,15,1
65,15,0
67,15,0
69,15,0
71,15,0
73,15,1
75,15,1
77,15,1
79,15,0
81,15,0
83,15,0
85,15,0
87,15,1
89,15,1
91,15,1
93,15,1
95,15,0
97,15,1
99,15,1
1,16,0
3,16,0
5,16,0
7,16,1
9,16,1
11,16,0
13,16,0
15,16,1
17,16,1
19,16,1
21,16,0
23,16,0
25,16,1
27,16,0
29,16,1
31,16,0
33,16,0
35,16,0
37,16,1
39,16,1
41,16,0
43,16,1
45,16,1
47,16,0
49,16,1
51,16,0
53,16,0
55,16,1
57,16,0
59,16,1
61,16,0
63,16,0
65,16,1
67,16,1
69,16,1
71,16,0
73,16,1
75,16,0
77,16,0
79,16,1
81,16,0
83,16,0
85,16,0
87,16,1
89,16,1
91,16,1
93,16,0
95,16,0
97,16,1
99,16,0
1,17,0
3,17,1
5,17,1
7,17,1
9,17,1
11,17,1
13,17,0
15,17,1
17,17,1
19,17,0
21,17,1
23,17,1
25,17,1
27,17,1
29,17,1
31,17,1
33,17,0
35,17,0
37,17,0
39,17,1
41,17,0
43,17,1
45,17,1
47,17,1
49,17,1
51,17,1
53,17,1
55,17,1
57,17,0
59,17,1
61,17,1
63,17,1
65,17,1
67,17,1
69,17,1
71,17,1
73,17,1
75,17,1
77,17,1
79,17,1
81,17,1
83,17,1
85,17,1
87,17,1
89,17,1
91,17,1
93,17,1
95,17,1
97,17,1
99,17,0
1,18,0
3,18,0
5,18,1
7,18,0
9,18,0
11,18,0
13,18,1
15,18,1
17,18,1
19,18,0
21,18,1
23,18,0
25,18,0
27,18,1
29,18,1
31,18,0
33,18,0
35,18,1
37,18,0
39,18,1
41,18,1
43,18,1
45,18,0
47,18,1
49,18,0
51,18,0
53,18,0
55,18,0
57,18,0
59,18,0
61,18,1
63,18,0
65,18,1
67,18,0
69,18,1
71,18,1
73,18,0
75,18,0
77,18,1
79,18,0
81,18,1
83,18,1
85,18,1
87,18,0
89,18,1
91,18,1
93,18,1
95,18,1
97,18,1
99,18,1
1,19,0
3,19,0
5,19,0
7,19,1
9,19,0
11,19,0
13,19,0
15,19,1
17,19,0
19,19,1
21,19,0
23,19,0
25,19,0
27,19,0
29,19,0
31,19,1
33,19,0
35,19,1
37,19,1
39,19,1
41,19,0
43,19,1
45,19,0
47,19,0
49,19,0
51,19,0
53,19,0
55,19,0
57,19,0
59,19,0
61,19,0
63,19,0
65,19,0
67,19,0
69,19,0
71,19,0
73,19,0
75,19,1
77,19,0
79,19,1
81,19,0
83,19,0
85,19,0
87,19,1
89,19,1
91,19,1
93,19,0
95,19,1
97,19,0
99,19,0
1,20,1
3,20,1
5,20,1
7,20,1
9,20,1
11,20,1
13,20,1
15,20,1
17,20,1
19,20,1
21,20,1
23,20,1
25,20,1
27,20,1
29,20,0
31,20,1
33,20,0
35,20,0
37,20,1
39,20,1
41,20,1
43,20,1
45,20,1
47,20,0
49,20,1
51,20,1
53,20,0
55,20,1
57,20,1
59,20,1
61,20,1
63,20,1
65,20,1
67,20,1
69,20,1
71,20,1
73,20,1
75,20,1
77,20,1
79,20,1
81,20,1
83,20,1
85,20,1
87,20,0
89,20,1
91,20,1
93,20,1
95,20,1
97,20,1
99,20,1
1,21,1
3,21,1
5,21,1
7,21,1
9,21,1
11,21,0
13,21,1
15,21,1
17,21,0
19,21,0
21,21,0
23,21,1
25,21,1
27,21,0
29,21,1
31,21,0
33,21,0
35,21,1
37,21,1
39,21,1
41,21,0
43,21,1
45,21,1
47,21,1
49,21,1
51,21,1
53,21,1
55,21,1
57,21,0
59,21,1
61,21,1
63,21,1
65,21,1
67,21,1
69,21,1
71,21,1
73,21,1
75,21,0
77,21,0
79,21,1
81,21,1
83,21,1
85,21,1
87,21,1
89,21,1
91,21,1
93,21,0
95,21,1
97,21,0
99,21,1
1,22,1
3,22,1
5,22,1
7,22,1
9,22,1
11,22,1
13,22,1
15,22,1
17,22,1
19,22,1
21,22,1
23,22,1
25,22,1
27,22,1
29,22,1
31,22,1
33,22,0
35,22,1
37,22,1
39,22,1
41,22,1
43,22,1
45,22,1
47,22,1
49,22,1
51,22,1
53,22,1
55,22,1
57,22,1
59,22,1
61,22,1
63,22,1
65,22,1
67,22,1
69,22,1
71,22,1
73,22,1
75,22,1
77,22,1
79,22,1
81,22,1
83,22,1
85,22,1
87,22,1
89,22,1
91,22,1
93,22,1
95,22,1
97,22,1
99,22,1
1,23,1
3,23,0
5,23,1
7,23,1
9,23,0
11,23,0
13,23,1
15,23,0
17,23,0
19,23,0
21,23,0
23,23,1
25,23,0
27,23,0
29,23,0
31,23,0
33,23,1
35,23,0
37,23,0
39,23,1
41,23,0
43,23,1
45,23,1
47,23,1
49,23,1
51,23,0
53,23,0
55,23,0
57,23,0
59,23,0
61,23,0
63,23,0
65,23,0
67,23,0
69,23,0
71,23,1
73,23,1
75,23,1
77,23,0
79,23,0
81,23,1
83,23,0
85,23,0
87,23,0
89,23,1
91,23,0
93,23,0
95,23,0
97,23,0
99,23,0
1,24,1
3,24,0
5,24,1
7,24,1
9,24,1
11,24,1
13,24,1
15,24,1
17,24,1
19,24,1
21,24,1
23,24,0
25,24,1
27,24,1
29,24,1
31,24,1
33,24,1
35,24,1
37,24,1
39,24,1
41,24,1
43,24,1
45,24,1
47,24,1
49,24,1
51,24,1
53,24,1
55,24,1
57,24,1
59,24,1
61,24,1
63,24,1
65,24,1
67,24,1
69,24,1
71,24,1
73,24,1
75,24,1
77,24,1
79,24,1
81,24,1
83,24,1
85,24,1
87,24,1
89,24,1
91,24,1
93,24,1
95,24,1
97,24,1
99,24,1
1,25,0
3,25,1
5,25,0
7,25,1
9,25,0
11,25,0
13,25,0
15,25,0
17,25,0
19,25,0
21,25,0
23,25,0
25,25,1
27,25,0
29,25,0
31,25,1
33,25,0
35,25,1
37,25,1
39,25,1
41,25,0
43,25,0
45,25,0
47,25,0
49,25,0
51,25,1
53,25,0
55,25,1
57,25,0
59,25,0
61,25,1
63,25,0
65,25,0
67,25,0
69,25,1
71,25,1
73,25,1
75,25,0
77,25,0
79,25,1
81,25,0
83,25,0
85,25,0
87,25,1
89,25,0
91,25,1
93,25,1
95,25,0
97,25,1
99,25,0
1,26,1
3,26,1
5,26,0
7,26,1
9,26,0
11,26,1
13,26,0
15,26,1
17,26,1
19,26,1
21,26,1
23,26,0
25,26,1
27,26,1
29,26,1
31,26,0
33,26,0
35,26,1
37,26,1
39,26,1
41,26,1
43,26,1
45,26,0
47,26,0
49,26,1
51,26,1
53,26,1
55,26,1
57,26,1
59,26,1
61,26,1
63,26,1
65,26,1
67,26,0
69,26,1
71,26,1
73,26,1
75,26,1
77,26,1
79,26,1
81,26,1
83,26,1
85,26,1
87,26,0
89,26,0
91,26,1
93,26,1
95,26,1
97,26,1
99,26,1
1,27,1
3,27,1
5,27,1
7,27,1
9,27,1
11,27,0
13,27,0
15,27,1
17,27,1
19,27,1
21,27,0
23,27,1
25,27,1
27,27,1
29,27,1
31,27,0
33,27,1
35,27,1
37,27,1
39,27,1
41,27,1
43,27,1
45,27,1
47,27,1
49,27,1
51,27,0
53,27,1
55,27,1
57,27,1
59,27,1
61,27,1
63,27,0
65,27,0
67,27,1
69,27,1
71,27,0
73,27,1
75,27,1
77,27,0
79,27,1
81,27,1
83,27,0
85,27,0
87,27,1
89,27,1
91,27,1
93,27,0
95,27,1
97,27,1
99,27,1
1,28,1
3,28,1
5,28,1
7,28,0
9,28,0
11,28,0
13,28,1
15,28,1
17,28,1
19,28,0
21,28,1
23,28,1
25,28,1
27,28,0
29,28,0
31,28,1
33,28,0
35,28,1
37,28,1
39,28,1
41,28,0
43,28,1
45,28,0
47,28,0
49,28,0
51,28,0
53,28,1
55,28,1
57,28,0
59,28,1
61,28,1
63,28,1
65,28,1
67,28,0
69,28,0
71,28,0
73,28,1
75,28,1
77,28,0
79,28,1
81,28,1
83,28,1
85,28,0
87,28,0
89,28,0
91,28,1
93,28,1
95,28,0
97,28,1
99,28,0
1,29,1
3,29,1
5,29,1
7,29,1
9,29,1
11,29,1
13,29,0
15,29,1
17,29,1
19,29,0
21,29,1
23,29,1
25,29,1
27,29,1
29,29,1
31,29,1
33,29,1
35,29,1
37,29,1
39,29,1
41,29,0
43,29,1
45,29,1
47,29,1
49,29,1
51,29,1
53,29,1
55,29,1
57,29,1
59,29,1
61,29,1
63,29,0
65,29,1
67,29,1
69,29,1
71,29,0
73,29,1
75,29,1
77,29,0
79,29,0
81,29,1
83,29,1
85,29,0
87,29,0
89,29,1
91,29,1
93,29,1
95,29,0
97,29,1
99,29,1
1,30,1
3,30,0
5,30,0
7,30,0
9,30,0
11,30,0
13,30,0
15,30,0
17,30,0
19,30,0
21,30,0
23,30,0
25,30,1
27,30,1
29,30,1
31,30,0
33,30,1
35,30,0
37,30,0
39,30,0
41,30,0
43,30,1
45,30,0
47,30,1
49,30,0
51,30,1
53,30,0
55,30,1
57,30,0
59,30,0
61,30,0
63,30,0
65,30,0
67,30,0
69,30,0
71,30,0
73,30,1
75,30,0
77,30,0
79,30,0
81,30,1
83,30,0
85,30,0
87,30,1
89,30,0
91,30,0
93,30,1
95,30,0
97,30,0
99,30,1
1,31,1
3,31,1
5,31,1
7,31,1
9,31,1
11,31,1
13,31,1
15,31,1
17,31,1
19,31,1
21,31,1
23,31,1
25,31,1
27,31,0
29,31,1
31,31,1
33,31,1
35,31,1
37,31,1
39,31,1
41,31,1
43,31,1
45,31,1
47,31,1
49,31,1
51,31,1
53,31,1
55,31,1
57,31,1
59,31,1
61,31,1
63,31,1
65,31,1
67,31,1
69,31,1
71,31,1
73,31,1
75,31,1
77,31,0
79,31,1
81,31,1
83,31,1
85,31,1
87,31,1
89,31,1
91,31,1
93,31,1
95,31,0
97,31,1
99,31,1
1,32,1
3,32,1
5,32,1
7,32,1
9,32,1
11,32,1
13,32,1
15,32,0
17,32,1
19,32,1
21,32,1
23,32,1
25,32,1
27,32,1
29,32,1
31,32,1
33,32,1
35,32,1
37,32,1
39,32,1
41,32,1
43,32,1
45,32,1
47,32,1
49,32,1
51,32,1
53,32,1
55,32,1
57,32,1
59,32,1
61,32,1
63,32,0
65,32,1
67,32,1
69,32,1
71,32,1
73,32,1
75,32,1
77,32,1
79,32,1
81,32,1
83,32,1
85,32,0
87,32,1
89,32,1
91,32,1
93,32,1
95,32,1
97,32,1
99,32,1
1,33,1
3,33,0
5,33,1
7,33,0
9,33,1
11,33,0
13,33,1
15,33,1
17,33,0
19,33,0
21,33,0
23,33,1
25,33,1
27,33,1
29,33,0
31,33,1
33,33,1
35,33,0
37,33,0
39,33,1
41,33,1
43,33,0
45,33,1
47,33,0
49,33,0
51,33,1
53,33,1
55,33,0
57,33,0
59,33,1
61,33,1
63,33,1
65,33,1
67,33,1
69,33,1
71,33,0
73,33,0
75,33,0
77,33,1
79,33,0
81,33,0
83,33,1
85,33,0
87,33,0
89,33,0
91,33,1
93,33,1
95,33,1
97,33,0
99,33,1
1,34,0
3,34,1
5,34,0
7,34,1
9,34,0
11,34,0
13,34,1
15,34,1
17,34,1
19,34,1
21,34,1
23,34,1
25,34,0
27,34,1
29,34,0
31,34,0
33,34,0
35,34,0
37,34,0
39,34,1
41,34,0
43,34,1
45,34,0
47,34,1
49,34,0
51,34,0
53,34,0
55,34,1
57,34,0
59,34,1
61,34,0
63,34,0
65,34,1
67,34,0
69,34,0
71,34,1
73,34,1
75,34,1
77,34,1
79,34,1
81,34,1
83,34,1
85,34,0
87,34,1
89,34,0
91,34,1
93,34,1
95,34,1
97,34,1
99,34,0
1,35,0
3,35,0
5,35,0
7,35,1
9,35,1
11,35,1
13,35,1
15,35,0
17,35,0
19,35,1
21,35,0
23,35,1
25,35,1
27,35,1
29,35,0
31,35,0
33,35,1
35,35,0
37,35,1
39,35,0
41,35,0
43,35,1
45,35,1
47,35,1
49,35,1
51,35,1
53,35,1
55,35,1
57,35,1
59,35,1
61,35,0
63,35,0
65,35,0
67,35,1
69,35,0
71,35,0
73,35,0
75,35,1
77,35,0
79,35,0
81,35,1
83,35,0
85,35,0
87,35,1
89,35,1
91,35,0
93,35,0
95,35,1
97,35,1
99,35,0
1,36,0
3,36,1
5,36,1
7,36,1
9,36,0
11,36,1
13,36,0
15,36,0
17,36,1
19,36,1
21,36,0
23,36,1
25,36,1
27,36,0
29,36,0
31,36,0
33,36,0
35,36,1
37,36,0
39,36,1
41,36,0
43,36,0
45,36,0
47,36,0
49,36,0
51,36,0
53,36,0
55,36,1
57,36,0
59,36,1
61,36,0
63,36,0
65,36,0
67,36,1
69,36,0
71,36,1
73,36,1
75,36,1
77,36,0
79,36,1
81,36,0
83,36,0
85,36,0
87,36,0
89,36,1
91,36,1
93,36,1
95,36,1
97,36,0
99,36,0
1,37,1
3,37,0
5,37,1
7,37,1
9,37,1
11,37,1
13,37,1
15,37,1
17,37,1
19,37,1
21,37,0
23,37,0
25,37,1
27,37,1
29,37,1
31,37,1
33,37,1
35,37,1
37,37,0
39,37,1
41,37,1
43,37,1
45,37,1
47,37,1
49,37,1
51,37,1
53,37,1
55,37,1
57,37,1
59,37,1
61,37,1
63,37,1
65,37,1
67,37,1
69,37,0
71,37,1
73,37,1
75,37,1
77,37,1
79,37,0
81,37,1
83,37,1
85,37,1
87,37,1
89,37,1
91,37,1
93,37,1
95,37,0
97,37,1
99,37,1
1,38,1
3,38,0
5,38,1
7,38,1
9,38,1
11,38,1
13,38,1
15,38,1
17,38,1
19,38,1
21,38,1
23,38,1
25,38,1
27,38,1
29,38,1
31,38,1
33,38,1
35,38,1
37,38,1
39,38,1
41,38,1
43,38,1
45,38,1
47,38,1
49,38,1
51,38,1
53,38,1
55,38,1
57,38,1
59,38,1
61,38,1
63,38,1
65,38,1
67,38,1
69,38,1
71,38,1
73,38,1
75,38,1
77,38,1
79,38,1
81,38,1
83,38,1
85,38,1
87,38,1
89,38,1
91,38,1
93,38,1
95,38,1
97,38,1
99,38,1
1,39,1
3,39,1
5,39,1
7,39,1
9,39,1
11,39,1
13,39,1
15,39,1
17,39,1
19,39,1
21,39,1
23,39,1
25,39,1
27,39,1
29,39,1
31,39,1
33,39,1
35,39,1
37,39,1
39,39,1
41,39,1
43,39,1
45,39,1
47,39,1
49,39,1
51,39,1
53,39,1
55,39,1
57,39,1
59,39,1
61,39,1
63,39,1
65,39,1
67,39,1
69,39,1
71,39,1
73,39,1
75,39,1
77,39,1
79,39,1
81,39,1
83,39,1
85,39,1
87,39,1
89,39,1
91,39,1
93,39,1
95,39,1
97,39,1
99,39,1
1,40,1
3,40,0
5,40,1
7,40,1
9,40,1
11,40,0
13,40,1
15,40,1
17,40,1
19,40,1
21,40,1
23,40,1
25,40,1
27,40,1
29,40,1
31,40,1
33,40,1
35,40,1
37,40,1
39,40,1
41,40,1
43,40,1
45,40,1
47,40,0
49,40,1
51,40,1
53,40,1
55,40,1
57,40,1
59,40,1
61,40,1
63,40,1
65,40,1
67,40,1
69,40,1
71,40,1
73,40,1
75,40,0
77,40,1
79,40,1
81,40,1
83,40,1
85,40,1
87,40,1
89,40,1
91,40,1
93,40,1
95,40,0
97,40,1
99,40,1
1,41,1
3,41,1
5,41,1
7,41,1
9,41,1
11,41,0
13,41,1
15,41,1
17,41,1
19,41,0
21,41,1
23,41,1
25,41,1
27,41,1
29,41,1
31,41,1
33,41,0
35,41,1
37,41,1
39,41,1
41,41,1
43,41,1
45,41,1
47,41,0
49,41,1
51,41,1
53,41,1
55,41,1
57,41,1
59,41,1
61,41,1
63,41,1
65,41,1
67,41,1
69,41,1
71,41,1
73,41,1
75,41,1
77,41,0
79,41,1
81,41,1
83,41,1
85,41,1
87,41,1
89,41,1
91,41,1
93,41,1
95,41,1
97,41,1
99,41,1
1,42,0
3,42,0
5,42,0
7,42,1
9,42,0
11,42,1
13,42,1
15,42,1
17,42,1
19,42,0
21,42,1
23,42,0
25,42,1
27,42,0
29,42,1
31,42,0
33,42,0
35,42,1
37,42,1
39,42,1
41,42,0
43,42,1
45,42,1
47,42,1
49,42,1
51,42,0
53,42,0
55,42,1
57,42,0
59,42,1
61,42,0
63,42,0
65,42,1
67,42,1
69,42,1
71,42,1
73,42,1
75,42,0
77,42,0
79,42,1
81,42,1
83,42,0
85,42,0
87,42,1
89,42,0
91,42,1
93,42,0
95,42,0
97,42,0
99,42,0
1,43,1
3,43,1
5,43,1
7,43,0
9,43,1
11,43,0
13,43,0
15,43,0
17,43,1
19,43,1
21,43,1
23,43,1
25,43,0
27,43,0
29,43,1
31,43,1
33,43,0
35,43,1
37,43,1
39,43,1
41,43,1
43,43,1
45,43,1
47,43,0
49,43,1
51,43,1
53,43,1
55,43,1
57,43,1
59,43,1
61,43,1
63,43,0
65,43,1
67,43,1
69,43,1
71,43,0
73,43,1
75,43,1
77,43,1
79,43,1
81,43,1
83,43,1
85,43,0
87,43,1
89,43,1
91,43,1
93,43,1
95,43,1
97,43,1
99,43,1
1,44,0
3,44,1
5,44,1
7,44,0
9,44,0
11,44,0
13,44,0
15,44,1
17,44,1
19,44,0
21,44,0
23,44,1
25,44,0
27,44,0
29,44,0
31,44,0
33,44,0
35,44,1
37,44,0
39,44,0
41,44,1
43,44,1
45,44,1
47,44,1
49,44,0
51,44,1
53,44,0
55,44,0
57,44,1
59,44,0
61,44,1
63,44,0
65,44,0
67,44,0
69,44,0
71,44,0
73,44,1
75,44,0
77,44,1
79,44,0
81,44,0
83,44,0
85,44,0
87,44,0
89,44,0
91,44,0
93,44,1
95,44,1
97,44,1
99,44,1
1,45,1
3,45,1
5,45,1
7,45,1
9,45,1
11,45,1
13,45,1
15,45,1
17,45,1
19,45,1
21,45,1
23,45,1
25,45,1
27,45,1
29,45,1
31,45,1
33,45,1
35,45,1
37,45,1
39,45,1
41,45,1
43,45,1
45,45,1
47,45,1
49,45,1
51,45,1
53,45,0
55,45,1
57,45,1
59,45,1
61,45,1
63,45,1
65,45,1
67,45,1
69,45,1
71,45,1
73,45,1
75,45,1
77,45,1
79,45,1
81,45,1
83,45,1
85,45,1
87,45,1
89,45,0
91,45,1
93,45,0
95,45,1
97,45,1
99,45,1
1,46,1
3,46,1
5,46,1
7,46,1
9,46,1
11,46,1
13,46,1
15,46,1
17,46,1
19,46,1
21,46,1
23,46,1
25,46,1
27,46,1
29,46,1
31,46,1
33,46,0
35,46,1
37,46,1
39,46,1
41,46,1
43,46,1
45,46,1
47,46,1
49,46,1
51,46,1
53,46,1
55,46,1
57,46,1
59,46,1
61,46,1
63,46,1
65,46,0
67,46,1
69,46,1
71,46,1
73,46,1
75,46,1
77,46,0
79,46,1
81,46,1
83,46,1
85,46,1
87,46,0
89,46,0
91,46,1
93,46,1
95,46,1
97,46,1
99,46,1
1,47,1
3,47,1
5,47,1
7,47,1
9,47,1
11,47,1
13,47,1
15,47,1
17,47,1
19,47,0
21,47,1
23,47,1
25,47,1
27,47,1
29,47,1
31,47,1
33,47,1
35,47,1
37,47,1
39,47,1
41,47,0
43,47,1
45,47,1
47,47,1
49,47,1
51,47,0
53,47,1
55,47,1
57,47,0
59,47,1
61,47,1
63,47,1
65,47,1
67,47,1
69,47,1
71,47,0
73,47,1
75,47,1
77,47,0
79,47,1
81,47,1
83,47,1
85,47,0
87,47,1
89,47,0
91,47,1
93,47,1
95,47,1
97,47,1
99,47,1
1,48,1
3,48,1
5,48,1
7,48,0
9,48,0
11,48,0
13,48,1
15,48,1
17,48,1
19,48,1
21,48,1
23,48,1
25,48,1
27,48,0
29,48,0
31,48,1
33,48,1
35,48,1
37,48,1
39,48,0
41,48,1
43,48,0
45,48,1
47,48,1
49,48,1
51,48,0
53,48,1
55,48,1
57,48,1
59,48,1
61,48,1
63,48,1
65,48,1
67,48,1
69,48,1
71,48,1
73,48,0
75,48,1
77,48,1
79,48,1
81,48,0
83,48,1
85,48,1
87,48,0
89,48,0
91,48,0
93,48,1
95,48,0
97,48,1
99,48,1
1,49,1
3,49,1
5,49,1
7,49,1
9,49,1
11,49,1
13,49,1
15,49,0
17,49,1
19,49,1
21,49,1
23,49,1
25,49,1
27,49,0
29,49,0
31,49,1
33,49,1
35,49,1
37,49,1
39,49,1
41,49,0
43,49,1
45,49,1
47,49,1
49,49,1
51,49,1
53,49,1
55,49,1
57,49,1
59,49,1
61,49,1
63,49,1
65,49,0
67,49,1
69,49,1
71,49,0
73,49,1
75,49,1
77,49,1
79,49,1
81,49,1
83,49,1
85,49,0
87,49,1
89,49,1
91,49,0
93,49,1
95,49,1
97,49,1
99,49,1
1,50,0
3,50,0
5,50,1
7,50,1
9,50,1
11,50,1
13,50,1
15,50,0
17,50,1
19,50,1
21,50,0
23,50,0
25,50,1
27,50,1
29,50,1
31,50,1
33,50,1
35,50,1
37,50,0
39,50,0
41,50,1
43,50,1
45,50,0
47,50,1
49,50,1
51,50,0
53,50,1
55,50,1
57,50,0
59,50,1
61,50,1
63,50,0
65,50,1
67,50,1
69,50,0
71,50,0
73,50,0
75,50,1
77,50,0
79,50,1
81,50,1
83,50,1
85,50,0
87,50,1
89,50,1
91,50,1
93,50,1
95,50,1
97,50,1
99,50,1
1,51,1
3,51,1
5,51,1
7,51,1
9,51,1
11,51,1
13,51,1
15,51,1
17,51,1
19,51,1
21,51,1
23,51,1
25,51,1
27,51,1
29,51,1
31,51,1
33,51,1
35,51,1
37,51,1
39,51,1
41,51,1
43,51,1
45,51,1
47,51,1
49,51,1
51,51,1
53,51,1
55,51,1
57,51,1
59,51,1
61,51,1
63,51,1
65,51,1
67,51,1
69,51,1
71,51,1
73,51,1
75,51,1
77,51,1
79,51,1
81,51,1
83,51,1
85,51,0
87,51,1
89,51,0
91,51,1
93,51,1
95,51,1
97,51,0
99,51,1
1,52,1
3,52,1
5,52,1
7,52,1
9,52,0
11,52,1
13,52,1
15,52,1
17,52,1
19,52,1
21,52,1
23,52,1
25,52,1
27,52,0
29,52,0
31,52,1
33,52,1
35,52,1
37,52,1
39,52,1
41,52,0
43,52,0
45,52,1
47,52,1
49,52,1
51,52,0
53,52,1
55,52,1
57,52,1
59,52,1
61,52,1
63,52,1
65,52,1
67,52,0
69,52,1
71,52,1
73,52,1
75,52,1
77,52,1
79,52,1
81,52,1
83,52,0
85,52,0
87,52,0
89,52,0
91,52,1
93,52,1
95,52,0
97,52,1
99,52,1
1,53,1
3,53,1
5,53,1
7,53,1
9,53,0
11,53,1
13,53,1
15,53,1
17,53,1
19,53,0
21,53,1
23,53,1
25,53,1
27,53,1
29,53,1
31,53,1
33,53,0
35,53,0
37,53,1
39,53,1
41,53,1
43,53,1
45,53,1
47,53,0
49,53,1
51,53,1
53,53,1
55,53,0
57,53,1
59,53,1
61,53,0
63,53,1
65,53,1
67,53,1
69,53,1
71,53,1
73,53,1
75,53,1
77,53,1
79,53,1
81,53,1
83,53,0
85,53,1
87,53,0
89,53,1
91,53,1
93,53,1
95,53,1
97,53,0
99,53,1
1,54,1
3,54,1
5,54,0
7,54,1
9,54,0
11,54,1
13,54,1
15,54,1
17,54,1
19,54,1
21,54,1
23,54,1
25,54,1
27,54,0
29,54,1
31,54,0
33,54,1
35,54,1
37,54,1
39,54,1
41,54,1
43,54,1
45,54,1
47,54,1
49,54,1
51,54,1
53,54,0
55,54,1
57,54,1
59,54,1
61,54,1
63,54,1
65,54,1
67,54,1
69,54,0
71,54,1
73,54,0
75,54,1
77,54,0
79,54,1
81,54,1
83,54,1
85,54,1
87,54,1
89,54,1
91,54,1
93,54,0
95,54,1
97,54,1
99,54,1
1,55,1
3,55,1
5,55,0
7,55,1
9,55,0
11,55,1
13,55,0
15,55,1
17,55,1
19,55,0
21,55,0
23,55,0
25,55,1
27,55,0
29,55,0
31,55,0
33,55,0
35,55,0
37,55,0
39,55,0
41,55,0
43,55,0
45,55,0
47,55,0
49,55,0
51,55,1
53,55,0
55,55,0
57,55,1
59,55,0
61,55,0
63,55,0
65,55,1
67,55,1
69,55,0
71,55,0
73,55,0
75,55,0
77,55,0
79,55,0
81,55,1
83,55,1
85,55,1
87,55,0
89,55,1
91,55,0
93,55,1
95,55,0
97,55,1
99,55,0
1,56,1
3,56,0
5,56,1
7,56,0
9,56,1
11,56,0
13,56,0
15,56,0
17,56,0
19,56,1
21,56,0
23,56,1
25,56,0
27,56,0
29,56,1
31,56,0
33,56,1
35,56,0
37,56,0
39,56,0
41,56,1
43,56,0
45,56,1
47,56,1
49,56,0
51,56,1
53,56,0
55,56,1
57,56,1
59,56,1
61,56,1
63,56,0
65,56,1
67,56,1
69,56,1
71,56,0
73,56,1
75,56,1
77,56,1
79,56,1
81,56,1
83,56,1
85,56,1
87,56,1
89,56,1
91,56,0
93,56,0
95,56,0
97,56,0
99,56,0
1,57,1
3,57,1
5,57,0
7,57,1
9,57,1
11,57,1
13,57,1
15,57,1
17,57,1
19,57,1
21,57,1
23,57,1
25,57,1
27,57,1
29,57,1
31,57,1
33,57,1
35,57,1
37,57,1
39,57,1
41,57,1
43,57,0
45,57,1
47,57,1
49,57,1
51,57,1
53,57,1
55,57,1
57,57,1
59,57,1
61,57,1
63,57,0
65,57,1
67,57,1
69,57,1
71,57,1
73,57,1
75,57,1
77,57,1
79,57,1
81,57,1
83,57,1
85,57,1
87,57,1
89,57,1
91,57,1
93,57,1
95,57,1
97,57,1
99,57,1
1,58,1
3,58,1
5,58,1
7,58,1
9,58,1
11,58,1
13,58,1
15,58,1
17,58,1
19,58,0
21,58,1
23,58,1
25,58,1
27,58,0
29,58,0
31,58,0
33,58,1
35,58,1
37,58,1
39,58,1
41,58,1
43,58,1
45,58,1
47,58,1
49,58,1
51,58,0
53,58,1
55,58,1
57,58,1
59,58,1
61,58,0
63,58,1
65,58,1
67,58,1
69,58,1
71,58,0
73,58,1
75,58,1
77,58,0
79,58,1
81,58,1
83,58,1
85,58,1
87,58,1
89,58,1
91,58,0
93,58,1
95,58,1
97,58,1
99,58,1
1,59,0
3,59,1
5,59,1
7,59,1
9,59,1
11,59,1
13,59,1
15,59,1
17,59,1
19,59,1
21,59,1
23,59,1
25,59,1
27,59,1
29,59,1
31,59,1
33,59,1
35,59,1
37,59,1
39,59,1
41,59,1
43,59,1
45,59,1
47,59,1
49,59,1
51,59,1
53,59,1
55,59,1
57,59,1
59,59,1
61,59,1
63,59,1
65,59,1
67,59,1
69,59,1
71,59,0
73,59,1
75,59,1
77,59,1
79,59,1
81,59,1
83,59,1
85,59,1
87,59,1
89,59,1
91,59,1
93,59,1
95,59,1
97,59,1
99,59,1
1,60,1
3,60,1
5,60,1
7,60,1
9,60,1
11,60,1
13,60,1
15,60,1
17,60,1
19,60,1
21,60,1
23,60,1
25,60,1
27,60,1
29,60,1
31,60,1
33,60,1
35,60,1
37,60,1
39,60,1
41,60,1
43,60,1
45,60,1
47,60,1
49,60,1
51,60,1
53,60,1
55,60,1
57,60,1
59,60,1
61,60,1
63,60,1
65,60,1
67,60,1
69,60,1
71,60,1
73,60,1
75,60,1
77,60,1
79,60,1
81,60,1
83,60,1
85,60,1
87,60,1
89,60,1
91,60,1
93,60,1
95,60,0
97,60,1
99,60,1
1,61,1
3,61,1
5,61,1
7,61,1
9,61,1
11,61,1
13,61,1
15,61,1
17,61,1
19,61,1
21,61,1
23,61,1
25,61,1
27,61,1
29,61,1
31,61,1
33,61,1
35,61,1
37,61,1
39,61,1
41,61,1
43,61,1
45,61,1
47,61,1
49,61,1
51,61,1
53,61,1
55,61,1
57,61,1
59,61,1
61,61,1
63,61,1
65,61,1
67,61,1
69,61,1
71,61,1
73,61,1
75,61,1
77,61,1
79,61,1
81,61,1
83,61,1
85,61,1
87,61,1
89,61,1
91,61,1
93,61,0
95,61,1
97,61,1
99,61,1
1,62,1
3,62,1
5,62,1
7,62,1
9,62,1
11,62,1
13,62,0
15,62,1
17,62,1
19,62,1
21,62,1
23,62,1
25,62,1
27,62,0
29,62,1
31,62,0
33,62,1
35,62,1
37,62,1
39,62,1
41,62,1
43,62,0
45,62,1
47,62,1
49,62,0
51,62,1
53,62,1
55,62,1
57,62,1
59,62,1
61,62,1
63,62,1
65,62,1
67,62,1
69,62,1
71,62,1
73,62,1
75,62,1
77,62,1
79,62,1
81,62,1
83,62,0
85,62,1
87,62,1
89,62,1
91,62,1
93,62,0
95,62,1
97,62,1
99,62,1
1,63,0
3,63,1
5,63,0
7,63,0
9,63,1
11,63,1
13,63,0
15,63,0
17,63,1
19,63,0
21,63,0
23,63,0
25,63,1
27,63,0
29,63,0
31,63,1
33,63,1
35,63,0
37,63,1
39,63,0
41,63,1
43,63,0
45,63,0
47,63,0
49,63,1
51,63,1
53,63,1
55,63,0
57,63,0
59,63,1
61,63,0
63,63,0
65,63,0
67,63,0
69,63,0
71,63,1
73,63,0
75,63,0
77,63,1
79,63,0
81,63,0
83,63,1
85,63,0
87,63,0
89,63,0
91,63,1
93,63,0
95,63,0
97,63,0
99,63,0
1,64,1
3,64,1
5,64,1
7,64,1
9,64,1
11,64,1
13,64,1
15,64,1
17,64,1
19,64,1
21,64,1
23,64,1
25,64,1
27,64,1
29,64,1
31,64,1
33,64,1
35,64,1
37,64,0
39,64,1
41,64,1
43,64,1
45,64,1
47,64,1
49,64,1
51,64,1
53,64,1
55,64,1
57,64,1
59,64,1
61,64,1
63,64,1
65,64,1
67,64,1
69,64,1
71,64,1
73,64,1
75,64,1
77,64,1
79,64,1
81,64,1
83,64,1
85,64,1
87,64,1
89,64,1
91,64,1
93,64,1
95,64,1
97,64,1
99,64,1
1,65,1
3,65,1
5,65,1
7,65,1
9,65,1
11,65,1
13,65,1
15,65,1
17,65,1
19,65,1
21,65,1
23,65,1
25,65,1
27,65,0
29,65,1
31,65,1
33,65,1
35,65,1
37,65,1
39,65,1
41,65,1
43,65,1
45,65,1
47,65,1
49,65,1
51,65,1
53,65,1
55,65,1
57,65,1
59,65,0
61,65,1
63,65,1
65,65,1
67,65,1
69,65,1
71,65,1
73,65,1
75,65,1
77,65,1
79,65,1
81,65,1
83,65,1
85,65,1
87,65,1
89,65,1
91,65,1
93,65,1
95,65,1
97,65,1
99,65,1
1,66,1
3,66,0
5,66,1
7,66,1
9,66,1
11,66,1
13,66,1
15,66,1
17,66,1
19,66,0
21,66,1
23,66,1
25,66,0
27,66,1
29,66,1
31,66,1
33,66,0
35,66,1
37,66,1
39,66,1
41,66,1
43,66,1
45,66,1
47,66,1
49,66,1
51,66,1
53,66,1
55,66,1
57,66,1
59,66,1
61,66,1
63,66,1
65,66,1
67,66,1
69,66,1
71,66,1
73,66,1
75,66,1
77,66,1
79,66,1
81,66,1
83,66,1
85,66,1
87,66,1
89,66,1
91,66,1
93,66,1
95,66,1
97,66,1
99,66,1
1,67,1
3,67,1
5,67,1
7,67,1
9,67,1
11,67,1
13,67,1
15,67,1
17,67,1
19,67,1
21,67,1
23,67,1
25,67,1
27,67,1
29,67,1
31,67,1
33,67,1
35,67,1
37,67,1
39,67,1
41,67,1
43,67,1
45,67,1
47,67,1
49,67,1
51,67,1
53,67,1
55,67,1
57,67,1
59,67,1
61,67,1
63,67,1
65,67,1
67,67,1
69,67,1
71,67,1
73,67,1
75,67,1
77,67,1
79,67,1
81,67,1
83,67,0
85,67,1
87,67,1
89,67,1
91,67,1
93,67,1
95,67,0
97,67,1
99,67,1
1,68,1
3,68,1
5,68,1
7,68,1
9,68,1
11,68,1
13,68,1
15,68,1
17,68,0
19,68,1
21,68,0
23,68,1
25,68,1
27,68,1
29,68,1
31,68,1
33,68,0
35,68,1
37,68,1
39,68,1
41,68,1
43,68,1
45,68,1
47,68,1
49,68,1
51,68,1
53,68,0
55,68,1
57,68,1
59,68,1
61,68,1
63,68,1
65,68,1
67,68,1
69,68,1
71,68,1
73,68,1
75,68,1
77,68,0
79,68,1
81,68,1
83,68,1
85,68,1
87,68,1
89,68,1
91,68,0
93,68,1
95,68,1
97,68,1
99,68,1
1,69,0
3,69,1
5,69,0
7,69,1
9,69,0
11,69,0
13,69,1
15,69,1
17,69,1
19,69,1
21,69,0
23,69,0
25,69,1
27,69,0
29,69,0
31,69,0
33,69,0
35,69,1
37,69,0
39,69,1
41,69,0
43,69,1
45,69,0
47,69,1
49,69,0
51,69,0
53,69,0
55,69,1
57,69,1
59,69,0
61,69,0
63,69,1
65,69,0
67,69,0
69,69,1
71,69,0
73,69,0
75,69,0
77,69,0
79,69,1
81,69,0
83,69,1
85,69,0
87,69,1
89,69,0
91,69,0
93,69,0
95,69,0
97,69,1
99,69,0
1,70,1
3,70,1
5,70,1
7,70,0
9,70,1
11,70,1
13,70,1
15,70,1
17,70,1
19,70,1
21,70,1
23,70,1
25,70,1
27,70,0
29,70,1
31,70,1
33,70,1
35,70,1
37,70,1
39,70,1
41,70,1
43,70,1
45,70,1
47,70,0
49,70,1
51,70,1
53,70,1
55,70,1
57,70,0
59,70,1
61,70,1
63,70,1
65,70,1
67,70,1
69,70,1
71,70,0
73,70,1
75,70,1
77,70,1
79,70,1
81,70,1
83,70,0
85,70,1
87,70,1
89,70,1
91,70,1
93,70,0
95,70,1
97,70,1
99,70,1
1,71,1
3,71,0
5,71,1
7,71,1
9,71,1
11,71,1
13,71,1
15,71,1
17,71,1
19,71,1
21,71,1
23,71,1
25,71,1
27,71,1
29,71,1
31,71,1
33,71,1
35,71,1
37,71,1
39,71,1
41,71,1
43,71,1
45,71,1
47,71,1
49,71,1
51,71,1
53,71,1
55,71,1
57,71,1
59,71,1
61,71,1
63,71,1
65,71,1
67,71,1
69,71,1
71,71,1
73,71,1
75,71,1
77,71,1
79,71,1
81,71,1
83,71,1
85,71,1
87,71,1
89,71,1
91,71,1
93,71,1
95,71,1
97,71,1
99,71,1
1,72,1
3,72,1
5,72,1
7,72,1
9,72,1
11,72,1
13,72,1
15,72,0
17,72,1
19,72,1
21,72,1
23,72,1
25,72,1
27,72,1
29,72,1
31,72,1
33,72,1
35,72,1
37,72,1
39,72,1
41,72,1
43,72,1
45,72,0
47,72,1
49,72,1
51,72,1
53,72,1
55,72,1
57,72,0
59,72,1
61,72,1
63,72,1
65,72,1
67,72,1
69,72,1
71,72,1
73,72,1
75,72,1
77,72,1
79,72,1
81,72,1
83,72,1
85,72,1
87,72,1
89,72,1
91,72,1
93,72,1
95,72,0
97,72,1
99,72,1
1,73,0
3,73,1
5,73,0
7,73,1
9,73,1
11,73,0
13,73,0
15,73,1
17,73,1
19,73,0
21,73,0
23,73,1
25,73,1
27,73,1
29,73,1
31,73,1
33,73,0
35,73,1
37,73,1
39,73,1
41,73,0
43,73,1
45,73,1
47,73,0
49,73,1
51,73,1
53,73,1
55,73,1
57,73,1
59,73,1
61,73,1
63,73,0
65,73,1
67,73,1
69,73,1
71,73,0
73,73,1
75,73,1
77,73,0
79,73,1
81,73,1
83,73,1
85,73,0
87,73,1
89,73,1
91,73,1
93,73,0
95,73,0
97,73,0
99,73,1
1,74,0
3,74,1
5,74,0
7,74,1
9,74,0
11,74,1
13,74,1
15,74,0
17,74,1
19,74,1
21,74,1
23,74,0
25,74,0
27,74,1
29,74,1
31,74,0
33,74,1
35,74,1
37,74,1
39,74,1
41,74,1
43,74,1
45,74,0
47,74,1
49,74,0
51,74,1
53,74,1
55,74,1
57,74,1
59,74,0
61,74,1
63,74,0
65,74,1
67,74,1
69,74,1
71,74,1
73,74,1
75,74,1
77,74,1
79,74,1
81,74,1
83,74,0
85,74,0
87,74,0
89,74,1
91,74,0
93,74,1
95,74,1
97,74,1
99,74,0
1,75,1
3,75,0
5,75,1
7,75,1
9,75,0
11,75,1
13,75,1
15,75,1
17,75,1
19,75,0
21,75,0
23,75,0
25,75,0
27,75,1
29,75,1
31,75,0
33,75,1
35,75,1
37,75,0
39,75,0
41,75,1
43,75,1
45,75,0
47,75,1
49,75,1
51,75,1
53,75,0
55,75,0
57,75,1
59,75,1
61,75,1
63,75,1
65,75,1
67,75,1
69,75,1
71,75,1
73,75,1
75,75,1
77,75,1
79,75,1
81,75,1
83,75,1
85,75,1
87,75,1
89,75,1
91,75,0
93,75,0
95,75,0
97,75,1
99,75,0
1,76,1
3,76,1
5,76,1
7,76,1
9,76,1
11,76,0
13,76,1
15,76,1
17,76,1
19,76,1
21,76,1
23,76,1
25,76,1
27,76,1
29,76,1
31,76,1
33,76,1
35,76,1
37,76,1
39,76,1
41,76,1
43,76,0
45,76,1
47,76,0
49,76,1
51,76,1
53,76,1
55,76,1
57,76,1
59,76,1
61,76,1
63,76,0
65,76,1
67,76,1
69,76,1
71,76,1
73,76,1
75,76,1
77,76,1
79,76,1
81,76,1
83,76,1
85,76,0
87,76,1
89,76,1
91,76,0
93,76,1
95,76,0
97,76,1
99,76,1
1,77,1
3,77,0
5,77,0
7,77,1
9,77,1
11,77,0
13,77,1
15,77,0
17,77,1
19,77,0
21,77,0
23,77,1
25,77,1
27,77,1
29,77,1
31,77,1
33,77,0
35,77,1
37,77,0
39,77,0
41,77,1
43,77,1
45,77,0
47,77,1
49,77,1
51,77,0
53,77,1
55,77,1
57,77,1
59,77,1
61,77,0
63,77,0
65,77,1
67,77,1
69,77,1
71,77,0
73,77,1
75,77,1
77,77,0
79,77,1
81,77,1
83,77,1
85,77,1
87,77,0
89,77,1
91,77,1
93,77,1
95,77,1
97,77,0
99,77,0
1,78,0
3,78,1
5,78,1
7,78,1
9,78,1
11,78,0
13,78,1
15,78,1
17,78,1
19,78,0
21,78,1
23,78,0
25,78,1
27,78,1
29,78,0
31,78,1
33,78,0
35,78,0
37,78,1
39,78,1
41,78,0
43,78,1
45,78,1
47,78,1
49,78,1
51,78,1
53,78,0
55,78,0
57,78,0
59,78,1
61,78,0
63,78,0
65,78,1
67,78,1
69,78,1
71,78,0
73,78,1
75,78,1
77,78,0
79,78,1
81,78,1
83,78,0
85,78,0
87,78,0
89,78,1
91,78,1
93,78,0
95,78,0
97,78,1
99,78,1
1,79,1
3,79,1
5,79,1
7,79,1
9,79,1
11,79,1
13,79,1
15,79,1
17,79,1
19,79,1
21,79,0
23,79,1
25,79,1
27,79,1
29,79,1
31,79,1
33,79,0
35,79,1
37,79,1
39,79,1
41,79,1
43,79,1
45,79,1
47,79,1
49,79,1
51,79,1
53,79,1
55,79,1
57,79,1
59,79,1
61,79,1
63,79,1
65,79,1
67,79,1
69,79,1
71,79,1
73,79,1
75,79,1
77,79,1
79,79,1
81,79,1
83,79,1
85,79,1
87,79,1
89,79,1
91,79,1
93,79,1
95,79,1
97,79,1
99,79,1
1,80,1
3,80,0
5,80,1
7,80,1
9,80,1
11,80,0
13,80,1
15,80,1
17,80,1
19,80,1
21,80,0
23,80,1
25,80,0
27,80,0
29,80,1
31,80,0
33,80,0
35,80,1
37,80,1
39,80,1
41,80,0
43,80,1
45,80,1
47,80,0
49,80,1
51,80,1
53,80,1
55,80,1
57,80,1
59,80,1
61,80,1
63,80,1
65,80,1
67,80,1
69,80,1
71,80,1
73,80,1
75,80,1
77,80,1
79,80,0
81,80,1
83,80,1
85,80,0
87,80,0
89,80,0
91,80,1
93,80,0
95,80,1
97,80,1
99,80,1
1,81,1
3,81,1
5,81,1
7,81,1
9,81,1
11,81,1
13,81,1
15,81,1
17,81,1
19,81,1
21,81,1
23,81,1
25,81,1
27,81,1
29,81,0
31,81,1
33,81,1
35,81,1
37,81,1
39,81,1
41,81,1
43,81,1
45,81,1
47,81,1
49,81,1
51,81,1
53,81,1
55,81,1
57,81,1
59,81,1
61,81,1
63,81,1
65,81,1
67,81,1
69,81,1
71,81,1
73,81,1
75,81,1
77,81,1
79,81,1
81,81,1
83,81,1
85,81,1
87,81,1
89,81,1
91,81,1
93,81,1
95,81,1
97,81,1
99,81,1
1,82,0
3,82,0
5,82,0
7,82,1
9,82,0
11,82,0
13,82,0
15,82,0
17,82,1
19,82,0
21,82,0
23,82,0
25,82,1
27,82,0
29,82,0
31,82,0
33,82,0
35,82,0
37,82,1
39,82,1
41,82,0
43,82,0
45,82,0
47,82,0
49,82,0
51,82,0
53,82,0
55,82,1
57,82,0
59,82,0
61,82,0
63,82,1
65,82,1
67,82,1
69,82,0
71,82,0
73,82,0
75,82,1
77,82,0
79,82,1
81,82,1
83,82,0
85,82,1
87,82,1
89,82,0
91,82,0
93,82,1
95,82,0
97,82,0
99,82,0
1,83,1
3,83,1
5,83,1
7,83,1
9,83,0
11,83,1
13,83,1
15,83,1
17,83,1
19,83,0
21,83,1
23,83,1
25,83,1
27,83,1
29,83,1
31,83,1
33,83,0
35,83,1
37,83,1
39,83,1
41,83,0
43,83,1
45,83,1
47,83,1
49,83,1
51,83,1
53,83,1
55,83,1
57,83,1
59,83,1
61,83,1
63,83,1
65,83,1
67,83,1
69,83,1
71,83,0
73,83,1
75,83,1
77,83,1
79,83,1
81,83,1
83,83,1
85,83,1
87,83,1
89,83,1
91,83,1
93,83,1
95,83,1
97,83,1
99,83,1
1,84,0
3,84,0
5,84,0
7,84,0
9,84,0
11,84,0
13,84,1
15,84,1
17,84,0
19,84,1
21,84,0
23,84,1
25,84,0
27,84,0
29,84,1
31,84,0
33,84,0
35,84,0
37,84,1
39,84,1
41,84,1
43,84,0
45,84,0
47,84,0
49,84,1
51,84,0
53,84,1
55,84,1
57,84,0
59,84,1
61,84,0
63,84,1
65,84,1
67,84,1
69,84,1
71,84,1
73,84,1
75,84,1
77,84,1
79,84,1
81,84,0
83,84,1
85,84,1
87,84,0
89,84,1
91,84,1
93,84,0
95,84,0
97,84,0
99,84,1
1,85,1
3,85,1
5,85,1
7,85,1
9,85,1
11,85,1
13,85,1
15,85,1
17,85,1
19,85,1
21,85,1
23,85,1
25,85,1
27,85,1
29,85,1
31,85,1
33,85,1
35,85,1
37,85,1
39,85,1
41,85,1
43,85,1
45,85,1
47,85,1
49,85,1
51,85,1
53,85,1
55,85,1
57,85,1
59,85,1
61,85,1
63,85,1
65,85,1
67,85,1
69,85,1
71,85,1
73,85,1
75,85,1
77,85,1
79,85,1
81,85,1
83,85,1
85,85,1
87,85,1
89,85,0
91,85,1
93,85,0
95,85,1
97,85,1
99,85,0
1,86,1
3,86,1
5,86,1
7,86,1
9,86,1
11,86,1
13,86,1
15,86,1
17,86,1
19,86,0
21,86,1
23,86,1
25,86,1
27,86,1
29,86,1
31,86,1
33,86,1
35,86,1
37,86,1
39,86,1
41,86,1
43,86,1
45,86,0
47,86,0
49,86,1
51,86,1
53,86,1
55,86,1
57,86,1
59,86,1
61,86,1
63,86,1
65,86,1
67,86,1
69,86,1
71,86,1
73,86,1
75,86,1
77,86,1
79,86,1
81,86,1
83,86,1
85,86,0
87,86,1
89,86,1
91,86,0
93,86,1
95,86,1
97,86,1
99,86,1
1,87,1
3,87,1
5,87,1
7,87,1
9,87,1
11,87,1
13,87,0
15,87,1
17,87,1
19,87,0
21,87,1
23,87,1
25,87,1
27,87,1
29,87,0
31,87,1
33,87,1
35,87,1
37,87,1
39,87,1
41,87,1
43,87,1
45,87,1
47,87,1
49,87,1
51,87,1
53,87,1
55,87,1
57,87,1
59,87,1
61,87,1
63,87,1
65,87,1
67,87,1
69,87,1
71,87,1
73,87,1
75,87,1
77,87,1
79,87,1
81,87,1
83,87,0
85,87,1
87,87,1
89,87,1
91,87,1
93,87,1
95,87,0
97,87,1
99,87,1
1,88,1
3,88,1
5,88,1
7,88,1
9,88,1
11,88,0
13,88,1
15,88,0
17,88,0
19,88,1
21,88,1
23,88,1
25,88,1
27,88,1
29,88,1
31,88,1
33,88,1
35,88,1
37,88,1
39,88,0
41,88,1
43,88,1
45,88,0
47,88,1
49,88,1
51,88,1
53,88,1
55,88,1
57,88,1
59,88,0
61,88,1
63,88,1
65,88,1
67,88,0
69,88,0
71,88,1
73,88,1
75,88,1
77,88,1
79,88,1
81,88,1
83,88,1
85,88,1
87,88,1
89,88,1
91,88,0
93,88,1
95,88,1
97,88,0
99,88,1
1,89,1
3,89,1
5,89,1
7,89,1
9,89,1
11,89,1
13,89,1
15,89,1
17,89,1
19,89,1
21,89,1
23,89,1
25,89,1
27,89,1
29,89,1
31,89,0
33,89,1
35,89,1
37,89,1
39,89,1
41,89,1
43,89,1
45,89,1
47,89,1
49,89,1
51,89,1
53,89,1
55,89,1
57,89,1
59,89,1
61,89,1
63,89,1
65,89,1
67,89,1
69,89,1
71,89,1
73,89,1
75,89,1
77,89,1
79,89,1
81,89,1
83,89,1
85,89,1
87,89,1
89,89,1
91,89,1
93,89,1
95,89,0
97,89,1
99,89,1
1,90,0
3,90,0
5,90,1
7,90,0
9,90,0
11,90,0
13,90,0
15,90,0
17,90,0
19,90,1
21,90,0
23,90,0
25,90,0
27,90,0
29,90,1
31,90,0
33,90,1
35,90,0
37,90,0
39,90,0
41,90,0
43,90,0
45,90,0
47,90,0
49,90,0
51,90,0
53,90,0
55,90,0
57,90,1
59,90,0
61,90,0
63,90,0
65,90,0
67,90,0
69,90,0
71,90,0
73,90,0
75,90,0
77,90,0
79,90,1
81,90,0
83,90,0
85,90,0
87,90,0
89,90,0
91,90,0
93,90,0
95,90,0
97,90,0
99,90,0
1,91,0
3,91,1
5,91,1
7,91,1
9,91,1
11,91,1
13,91,0
15,91,1
17,91,1
19,91,0
21,91,1
23,91,0
25,91,0
27,91,1
29,91,0
31,91,1
33,91,0
35,91,1
37,91,0
39,91,1
41,91,0
43,91,1
45,91,1
47,91,1
49,91,1
51,91,0
53,91,0
55,91,1
57,91,0
59,91,1
61,91,0
63,91,1
65,91,1
67,91,1
69,91,1
71,91,0
73,91,0
75,91,0
77,91,1
79,91,0
81,91,1
83,91,1
85,91,1
87,91,0
89,91,0
91,91,0
93,91,0
95,91,0
97,91,1
99,91,1
1,92,1
3,92,1
5,92,1
7,92,1
9,92,1
11,92,1
13,92,1
15,92,1
17,92,1
19,92,1
21,92,1
23,92,1
25,92,1
27,92,1
29,92,1
31,92,1
33,92,1
35,92,1
37,92,1
39,92,1
41,92,1
43,92,1
45,92,1
47,92,1
49,92,1
51,92,1
53,92,1
55,92,1
57,92,1
59,92,1
61,92,1
63,92,1
65,92,1
67,92,1
69,92,1
71,92,1
73,92,1
75,92,0
77,92,1
79,92,1
81,92,1
83,92,1
85,92,1
87,92,1
89,92,1
91,92,0
93,92,1
95,92,1
97,92,1
99,92,1
1,93,0
3,93,0
5,93,1
7,93,1
9,93,1
11,93,1
13,93,1
15,93,1
17,93,1
19,93,0
21,93,1
23,93,1
25,93,1
27,93,1
29,93,1
31,93,1
33,93,1
35,93,1
37,93,1
39,93,1
41,93,1
43,93,1
45,93,1
47,93,1
49,93,1
51,93,1
53,93,1
55,93,1
57,93,1
59,93,1
61,93,0
63,93,1
65,93,1
67,93,1
69,93,1
71,93,1
73,93,1
75,93,1
77,93,1
79,93,1
81,93,1
83,93,0
85,93,0
87,93,1
89,93,1
91,93,1
93,93,0
95,93,0
97,93,1
99,93,1
1,94,0
3,94,0
5,94,1
7,94,0
9,94,0
11,94,0
13,94,0
15,94,0
17,94,0
19,94,0
21,94,0
23,94,0
25,94,0
27,94,1
29,94,0
31,94,1
33,94,0
35,94,0
37,94,0
39,94,0
41,94,0
43,94,0
45,94,0
47,94,0
49,94,0
51,94,0
53,94,0
55,94,0
57,94,0
59,94,1
61,94,0
63,94,0
65,94,0
67,94,0
69,94,1
71,94,0
73,94,0
75,94,0
77,94,0
79,94,1
81,94,0
83,94,1
85,94,0
87,94,0
89,94,0
91,94,1
93,94,0
95,94,0
97,94,0
99,94,0
1,95,1
3,95,1
5,95,1
7,95,1
9,95,1
11,95,1
13,95,1
15,95,1
17,95,1
19,95,1
21,95,1
23,95,1
25,95,1
27,95,1
29,95,1
31,95,1
33,95,1
35,95,1
37,95,1
39,95,1
41,95,1
43,95,1
45,95,1
47,95,1
49,95,1
51,95,0
53,95,1
55,95,1
57,95,1
59,95,1
61,95,1
63,95,1
65,95,1
67,95,1
69,95,1
71,95,1
73,95,1
75,95,1
77,95,1
79,95,1
81,95,1
83,95,1
85,95,1
87,95,1
89,95,1
91,95,1
93,95,1
95,95,1
97,95,1
99,95,1
1,96,1
3,96,1
5,96,1
7,96,1
9,96,1
11,96,1
13,96,1
15,96,1
17,96,1
19,96,1
21,96,1
23,96,1
25,96,1
27,96,0
29,96,1
31,96,1
33,96,0
35,96,1
37,96,1
39,96,1
41,96,1
43,96,1
45,96,0
47,96,0
49,96,1
51,96,1
53,96,1
55,96,1
57,96,1
59,96,1
61,96,1
63,96,1
65,96,1
67,96,1
69,96,1
71,96,1
73,96,1
75,96,1
77,96,1
79,96,1
81,96,1
83,96,1
85,96,1
87,96,1
89,96,1
91,96,1
93,96,0
95,96,1
97,96,1
99,96,1
1,97,0
3,97,1
5,97,1
7,97,1
9,97,1
11,97,1
13,97,1
15,97,1
17,97,1
19,97,1
21,97,1
23,97,1
25,97,1
27,97,0
29,97,0
31,97,1
33,97,0
35,97,1
37,97,1
39,97,1
41,97,1
43,97,1
45,97,0
47,97,1
49,97,1
51,97,1
53,97,1
55,97,1
57,97,1
59,97,1
61,97,1
63,97,0
65,97,1
67,97,1
69,97,1
71,97,0
73,97,1
75,97,1
77,97,0
79,97,1
81,97,1
83,97,1
85,97,0
87,97,1
89,97,1
91,97,1
93,97,0
95,97,1
97,97,0
99,97,1
1,98,0
3,98,0
5,98,0
7,98,1
9,98,0
11,98,0
13,98,1
15,98,0
17,98,0
19,98,0
21,98,1
23,98,0
25,98,0
27,98,1
29,98,1
31,98,0
33,98,0
35,98,1
37,98,0
39,98,0
41,98,0
43,98,1
45,98,1
47,98,0
49,98,1
51,98,0
53,98,1
55,98,0
57,98,0
59,98,1
61,98,0
63,98,0
65,98,0
67,98,1
69,98,0
71,98,0
73,98,0
75,98,1
77,98,0
79,98,1
81,98,1
83,98,1
85,98,1
87,98,0
89,98,0
91,98,1
93,98,0
95,98,0
97,98,0
99,98,0
1,99,0
3,99,0
5,99,0
7,99,0
9,99,0
11,99,0
13,99,0
15,99,0
17,99,0
19,99,0
21,99,0
23,99,1
25,99,0
27,99,0
29,99,0
31,99,1
33,99,0
35,99,0
37,99,0
39,99,0
41,99,0
43,99,0
45,99,0
47,99,0
49,99,0
51,99,0
53,99,0
55,99,0
57,99,0
59,99,0
61,99,1
63,99,0
65,99,0
67,99,0
69,99,0
71,99,0
73,99,0
75,99,0
77,99,0
79,99,0
81,99,1
83,99,0
85,99,0
87,99,0
89,99,0
91,99,0
93,99,0
95,99,0
97,99,0
99,99,0
1,100,0
3,100,1
5,100,0
7,100,0
9,100,1
11,100,0
13,100,0
15,100,1
17,100,0
19,100,0
21,100,0
23,100,1
25,100,1
27,100,0
29,100,1
31,100,1
33,100,0
35,100,1
37,100,1
39,100,1
41,100,0
43,100,1
45,100,0
47,100,0
49,100,1
51,100,0
53,100,0
55,100,1
57,100,1
59,100,0
61,100,0
63,100,1
65,100,1
67,100,1
69,100,1
71,100,0
73,100,1
75,100,0
77,100,1
79,100,1
81,100,1
83,100,0
85,100,0
87,100,0
89,100,1
91,100,1
93,100,1
95,100,1
97,100,1
99,100,0
1,101,1
3,101,1
5,101,1
7,101,1
9,101,1
11,101,1
13,101,1
15,101,1
17,101,1
19,101,1
21,101,1
23,101,1
25,101,1
27,101,1
29,101,1
31,101,1
33,101,1
35,101,1
37,101,1
39,101,1
41,101,1
43,101,1
45,101,1
47,101,1
49,101,1
51,101,1
53,101,1
55,101,1
57,101,1
59,101,1
61,101,1
63,101,1
65,101,1
67,101,1
69,101,1
71,101,1
73,101,1
75,101,1
77,101,1
79,101,1
81,101,1
83,101,1
85,101,1
87,101,1
89,101,1
91,101,1
93,101,1
95,101,1
97,101,1
99,101,1
1,102,1
3,102,1
5,102,1
7,102,1
9,102,1
11,102,1
13,102,1
15,102,1
17,102,1
19,102,1
21,102,1
23,102,1
25,102,1
27,102,1
29,102,1
31,102,1
33,102,1
35,102,1
37,102,1
39,102,1
41,102,1
43,102,1
45,102,1
47,102,1
49,102,1
51,102,1
53,102,1
55,102,1
57,102,1
59,102,1
61,102,1
63,102,1
65,102,1
67,102,1
69,102,1
71,102,1
73,102,1
75,102,1
77,102,1
79,102,1
81,102,1
83,102,1
85,102,1
87,102,1
89,102,1
91,102,1
93,102,1
95,102,1
97,102,1
99,102,1
1,103,1
3,103,1
5,103,1
7,103,1
9,103,1
11,103,1
13,103,1
15,103,1
17,103,1
19,103,1
21,103,1
23,103,1
25,103,1
27,103,1
29,103,1
31,103,1
33,103,1
35,103,1
37,103,1
39,103,1
41,103,1
43,103,1
45,103,1
47,103,0
49,103,1
51,103,1
53,103,1
55,103,1
57,103,1
59,103,1
61,103,1
63,103,1
65,103,1
67,103,1
69,103,1
71,103,0
73,103,1
75,103,1
77,103,1
79,103,1
81,103,1
83,103,1
85,103,1
87,103,1
89,103,1
91,103,1
93,103,1
95,103,1
97,103,1
99,103,1
1,104,0
3,104,1
5,104,1
7,104,0
9,104,1
11,104,1
13,104,0
15,104,1
17,104,1
19,104,1
21,104,1
23,104,0
25,104,0
27,104,0
29,104,0
31,104,1
33,104,1
35,104,1
37,104,1
39,104,1
41,104,0
43,104,1
45,104,1
47,104,1
49,104,1
51,104,0
53,104,1
55,104,0
57,104,0
59,104,0
61,104,1
63,104,0
65,104,0
67,104,1
69,104,1
71,104,1
73,104,1
75,104,1
77,104,1
79,104,1
81,104,0
83,104,1
85,104,0
87,104,0
89,104,0
91,104,1
93,104,0
95,104,0
97,104,0
99,104,1
1,105,0
3,105,0
5,105,1
7,105,1
9,105,1
11,105,0
13,105,1
15,105,0
17,105,1
19,105,1
21,105,0
23,105,1
25,105,1
27,105,1
29,105,1
31,105,0
33,105,1
35,105,1
37,105,0
39,105,0
41,105,0
43,105,0
45,105,0
47,105,0
49,105,1
51,105,1
53,105,1
55,105,1
57,105,0
59,105,1
61,105,1
63,105,1
65,105,1
67,105,0
69,105,1
71,105,0
73,105,1
75,105,1
77,105,0
79,105,1
81,105,0
83,105,1
85,105,0
87,105,0
89,105,0
91,105,1
93,105,1
95,105,1
97,105,1
99,105,1
1,106,0
3,106,0
5,106,1
7,106,1
9,106,0
11,106,0
13,106,0
15,106,0
17,106,1
19,106,0
21,106,1
23,106,0
25,106,0
27,106,0
29,106,0
31,106,1
33,106,0
35,106,0
37,106,1
39,106,1
41,106,1
43,106,0
45,106,0
47,106,1
49,106,0
51,106,0
53,106,0
55,106,0
57,106,0
59,106,1
61,106,0
63,106,0
65,106,1
67,106,1
69,106,1
71,106,0
73,106,0
75,106,1
77,106,1
79,106,1
81,106,0
83,106,1
85,106,0
87,106,1
89,106,0
91,106,0
93,106,1
95,106,1
97,106,0
99,106,0
1,107,1
3,107,1
5,107,0
7,107,1
9,107,1
11,107,1
13,107,1
15,107,1
17,107,1
19,107,0
21,107,1
23,107,1
25,107,1
27,107,1
29,107,1
31,107,1
33,107,1
35,107,1
37,107,1
39,107,1
41,107,1
43,107,1
45,107,1
47,107,1
49,107,0
51,107,1
53,107,1
55,107,1
57,107,1
59,107,0
61,107,1
63,107,0
65,107,1
67,107,1
69,107,1
71,107,0
73,107,1
75,107,1
77,107,1
79,107,1
81,107,1
83,107,1
85,107,1
87,107,1
89,107,1
91,107,1
93,107,1
95,107,1
97,107,0
99,107,1
1,108,1
3,108,1
5,108,1
7,108,1
9,108,1
11,108,1
13,108,1
15,108,1
17,108,1
19,108,0
21,108,1
23,108,1
25,108,1
27,108,1
29,108,1
31,108,1
33,108,1
35,108,1
37,108,1
39,108,1
41,108,1
43,108,1
45,108,1
47,108,1
49,108,1
51,108,1
53,108,1
55,108,1
57,108,1
59,108,1
61,108,1
63,108,1
65,108,1
67,108,1
69,108,1
71,108,1
73,108,1
75,108,1
77,108,1
79,108,1
81,108,1
83,108,1
85,108,1
87,108,1
89,108,1
91,108,1
93,108,1
95,108,0
97,108,1
99,108,1
1,109,0
3,109,1
5,109,1
7,109,1
9,109,1
11,109,1
13,109,1
15,109,1
17,109,1
19,109,0
21,109,1
23,109,1
25,109,1
27,109,1
29,109,1
31,109,1
33,109,1
35,109,1
37,109,1
39,109,1
41,109,0
43,109,1
45,109,1
47,109,1
49,109,1
51,109,1
53,109,0
55,109,1
57,109,0
59,109,1
61,109,1
63,109,1
65,109,1
67,109,1
69,109,1
71,109,1
73,109,1
75,109,1
77,109,1
79,109,1
81,109,1
83,109,1
85,109,1
87,109,1
89,109,1
91,109,1
93,109,0
95,109,1
97,109,1
99,109,1
1,110,1
3,110,0
5,110,1
7,110,1
9,110,1
11,110,0
13,110,1
15,110,1
17,110,0
19,110,0
21,110,1
23,110,1
25,110,0
27,110,0
29,110,1
31,110,0
33,110,1
35,110,0
37,110,1
39,110,0
41,110,0
43,110,1
45,110,0
47,110,0
49,110,0
51,110,0
53,110,0
55,110,1
57,110,1
59,110,1
61,110,1
63,110,0
65,110,0
67,110,1
69,110,1
71,110,1
73,110,0
75,110,1
77,110,0
79,110,1
81,110,1
83,110,1
85,110,0
87,110,0
89,110,0
91,110,1
93,110,0
95,110,1
97,110,1
99,110,0
1,111,0
3,111,1
5,111,1
7,111,1
9,111,0
11,111,1
13,111,1
15,111,1
17,111,0
19,111,0
21,111,0
23,111,1
25,111,0
27,111,0
29,111,1
31,111,0
33,111,0
35,111,1
37,111,1
39,111,1
41,111,0
43,111,0
45,111,0
47,111,1
49,111,1
51,111,1
53,111,0
55,111,0
57,111,0
59,111,0
61,111,0
63,111,1
65,111,1
67,111,1
69,111,0
71,111,1
73,111,1
75,111,1
77,111,1
79,111,1
81,111,1
83,111,1
85,111,1
87,111,1
89,111,0
91,111,1
93,111,0
95,111,1
97,111,1
99,111,1
1,112,1
3,112,0
5,112,1
7,112,1
9,112,1
11,112,0
13,112,1
15,112,1
17,112,1
19,112,1
21,112,0
23,112,0
25,112,0
27,112,0
29,112,1
31,112,1
33,112,0
35,112,1
37,112,1
39,112,0
41,112,1
43,112,1
45,112,1
47,112,1
49,112,1
51,112,1
53,112,1
55,112,1
57,112,1
59,112,0
61,112,0
63,112,1
65,112,1
67,112,1
69,112,1
71,112,0
73,112,1
75,112,1
77,112,1
79,112,1
81,112,1
83,112,1
85,112,0
87,112,1
89,112,1
91,112,1
93,112,1
95,112,1
97,112,1
99,112,1
1,113,1
3,113,0
5,113,1
7,113,1
9,113,0
11,113,1
13,113,1
15,113,1
17,113,0
19,113,0
21,113,1
23,113,1
25,113,1
27,113,0
29,113,0
31,113,0
33,113,0
35,113,1
37,113,0
39,113,1
41,113,0
43,113,0
45,113,0
47,113,0
49,113,0
51,113,1
53,113,1
55,113,1
57,113,0
59,113,0
61,113,0
63,113,1
65,113,0
67,113,1
69,113,1
71,113,0
73,113,1
75,113,0
77,113,1
79,113,1
81,113,0
83,113,1
85,113,0
87,113,0
89,113,1
91,113,1
93,113,1
95,113,1
97,113,1
99,113,0
1,114,1
3,114,1
5,114,0
7,114,1
9,114,1
11,114,0
13,114,1
15,114,0
17,114,1
19,114,0
21,114,0
23,114,1
25,114,0
27,114,0
29,114,0
31,114,1
33,114,0
35,114,0
37,114,1
39,114,0
41,114,1
43,114,0
45,114,1
47,114,1
49,114,1
51,114,1
53,114,0
55,114,0
57,114,1
59,114,0
61,114,1
63,114,0
65,114,1
67,114,1
69,114,0
71,114,1
73,114,0
75,114,1
77,114,1
79,114,0
81,114,0
83,114,0
85,114,1
87,114,0
89,114,1
91,114,1
93,114,1
95,114,1
97,114,1
99,114,1
1,115,1
3,115,0
5,115,1
7,115,1
9,115,1
11,115,1
13,115,0
15,115,1
17,115,1
19,115,1
21,115,0
23,115,1
25,115,1
27,115,1
29,115,1
31,115,1
33,115,1
35,115,1
37,115,1
39,115,1
41,115,1
43,115,1
45,115,1
47,115,1
49,115,1
51,115,1
53,115,1
55,115,1
57,115,1
59,115,1
61,115,1
63,115,1
65,115,1
67,115,1
69,115,1
71,115,1
73,115,1
75,115,1
77,115,1
79,115,1
81,115,1
83,115,1
85,115,1
87,115,0
89,115,0
91,115,1
93,115,1
95,115,0
97,115,1
99,115,1
1,116,1
3,116,0
5,116,0
7,116,0
9,116,1
11,116,0
13,116,0
15,116,1
17,116,1
19,116,0
21,116,1
23,116,0
25,116,1
27,116,0
29,116,0
31,116,1
33,116,0
35,116,1
37,116,0
39,116,1
41,116,0
43,116,1
45,116,0
47,116,0
49,116,1
51,116,0
53,116,0
55,116,0
57,116,0
59,116,1
61,116,0
63,116,1
65,116,0
67,116,1
69,116,0
71,116,0
73,116,1
75,116,0
77,116,0
79,116,0
81,116,1
83,116,0
85,116,0
87,116,1
89,116,1
91,116,0
93,116,0
95,116,0
97,116,1
99,116,1
1,117,0
3,117,1
5,117,0
7,117,1
9,117,0
11,117,0
13,117,0
15,117,1
17,117,0
19,117,0
21,117,0
23,117,1
25,117,0
27,117,0
29,117,1
31,117,0
33,117,1
35,117,0
37,117,1
39,117,0
41,117,0
43,117,0
45,117,0
47,117,1
49,117,1
51,117,1
53,117,0
55,117,1
57,117,1
59,117,1
61,117,0
63,117,1
65,117,1
67,117,1
69,117,1
71,117,1
73,117,1
75,117,0
77,117,0
79,117,1
81,117,0
83,117,1
85,117,1
87,117,1
89,117,1
91,117,0
93,117,1
95,117,0
97,117,1
99,117,1
1,118,1
3,118,1
5,118,1
7,118,1
9,118,1
11,118,1
13,118,1
15,118,1
17,118,1
19,118,1
21,118,1
23,118,1
25,118,0
27,118,1
29,118,1
31,118,0
33,118,1
35,118,1
37,118,1
39,118,1
41,118,1
43,118,1
45,118,1
47,118,1
49,118,1
51,118,1
53,118,1
55,118,1
57,118,1
59,118,1
61,118,1
63,118,1
65,118,1
67,118,1
69,118,1
71,118,1
73,118,1
75,118,1
77,118,1
79,118,1
81,118,1
83,118,1
85,118,1
87,118,1
89,118,1
91,118,1
93,118,1
95,118,1
97,118,1
99,118,0
1,119,1
3,119,1
5,119,0
7,119,1
9,119,0
11,119,1
13,119,1
15,119,1
17,119,0
19,119,1
21,119,1
23,119,1
25,119,0
27,119,1
29,119,1
31,119,0
33,119,0
35,119,1
37,119,1
39,119,1
41,119,1
43,119,0
45,119,1
47,119,1
49,119,1
51,119,0
53,119,0
55,119,1
57,119,1
59,119,1
61,119,1
63,119,0
65,119,1
67,119,0
69,119,1
71,119,1
73,119,0
75,119,0
77,119,1
79,119,0
81,119,1
83,119,1
85,119,1
87,119,1
89,119,0
91,119,1
93,119,1
95,119,1
97,119,1
99,119,0
1,120,0
3,120,1
5,120,1
7,120,0
9,120,0
11,120,1
13,120,0
15,120,1
17,120,0
19,120,0
21,120,1
23,120,0
25,120,0
27,120,0
29,120,0
31,120,0
33,120,1
35,120,1
37,120,0
39,120,0
41,120,0
43,120,0
45,120,0
47,120,0
49,120,0
51,120,0
53,120,0
55,120,1
57,120,0
59,120,0
61,120,0
63,120,1
65,120,0
67,120,0
69,120,1
71,120,0
73,120,0
75,120,0
77,120,0
79,120,0
81,120,0
83,120,0
85,120,1
87,120,0
89,120,0
91,120,0
93,120,0
95,120,0
97,120,1
99,120,0
1,121,1
3,121,0
5,121,1
7,121,1
9,121,1
11,121,0
13,121,0
15,121,0
17,121,1
19,121,0
21,121,1
23,121,1
25,121,1
27,121,1
29,121,0
31,121,1
33,121,0
35,121,1
37,121,1
39,121,1
41,121,0
43,121,1
45,121,1
47,121,1
49,121,1
51,121,1
53,121,1
55,121,1
57,121,1
59,121,1
61,121,0
63,121,0
65,121,1
67,121,1
69,121,1
71,121,0
73,121,1
75,121,1
77,121,0
79,121,1
81,121,1
83,121,1
85,121,1
87,121,0
89,121,1
91,121,1
93,121,1
95,121,0
97,121,1
99,121,0
1,122,1
3,122,1
5,122,1
7,122,1
9,122,1
11,122,1
13,122,1
15,122,1
17,122,1
19,122,1
21,122,1
23,122,1
25,122,0
27,122,1
29,122,1
31,122,1
33,122,1
35,122,1
37,122,1
39,122,1
41,122,1
43,122,1
45,122,1
47,122,1
49,122,1
51,122,1
53,122,1
55,122,1
57,122,1
59,122,1
61,122,1
63,122,1
65,122,1
67,122,1
69,122,1
71,122,1
73,122,1
75,122,1
77,122,0
79,122,1
81,122,1
83,122,1
85,122,1
87,122,1
89,122,1
91,122,1
93,122,1
95,122,1
97,122,1
99,122,1
1,123,0
3,123,0
5,123,1
7,123,1
9,123,0
11,123,1
13,123,0
15,123,0
17,123,0
19,123,0
21,123,0
23,123,1
25,123,1
27,123,1
29,123,0
31,123,1
33,123,1
35,123,0
37,123,1
39,123,0
41,123,1
43,123,1
45,123,0
47,123,1
49,123,1
51,123,1
53,123,0
55,123,1
57,123,1
59,123,1
61,123,1
63,123,1
65,123,1
67,123,1
69,123,1
71,123,1
73,123,1
75,123,0
77,123,1
79,123,1
81,123,0
83,123,1
85,123,0
87,123,0
89,123,1
91,123,1
93,123,1
95,123,1
97,123,1
99,123,1
1,124,1
3,124,1
5,124,0
7,124,1
9,124,1
11,124,1
13,124,1
15,124,1
17,124,1
19,124,0
21,124,1
23,124,1
25,124,1
27,124,1
29,124,1
31,124,1
33,124,1
35,124,1
37,124,1
39,124,1
41,124,1
43,124,1
45,124,1
47,124,1
49,124,1
51,124,1
53,124,1
55,124,1
57,124,1
59,124,1
61,124,1
63,124,1
65,124,1
67,124,1
69,124,1
71,124,1
73,124,1
75,124,1
77,124,1
79,124,1
81,124,1
83,124,1
85,124,1
87,124,1
89,124,1
91,124,1
93,124,1
95,124,1
97,124,1
99,124,1
1,125,0
3,125,0
5,125,0
7,125,0
9,125,0
11,125,0
13,125,0
15,125,1
17,125,0
19,125,1
21,125,0
23,125,0
25,125,0
27,125,0
29,125,1
31,125,0
33,125,0
35,125,0
37,125,0
39,125,0
41,125,0
43,125,0
45,125,1
47,125,0
49,125,0
51,125,0
53,125,0
55,125,0
57,125,0
59,125,0
61,125,0
63,125,0
65,125,0
67,125,0
69,125,1
71,125,0
73,125,0
75,125,1
77,125,0
79,125,0
81,125,0
83,125,0
85,125,0
87,125,0
89,125,0
91,125,0
93,125,0
95,125,1
97,125,0
99,125,0
1,126,0
3,126,0
5,126,0
7,126,0
9,126,0
11,126,0
13,126,0
15,126,0
17,126,1
19,126,0
21,126,1
23,126,0
25,126,0
27,126,0
29,126,0
31,126,0
33,126,1
35,126,0
37,126,0
39,126,1
41,126,0
43,126,0
45,126,0
47,126,0
49,126,0
51,126,1
53,126,0
55,126,0
57,126,1
59,126,0
61,126,0
63,126,0
65,126,1
67,126,0
69,126,0
71,126,0
73,126,0
75,126,0
77,126,0
79,126,0
81,126,0
83,126,0
85,126,1
87,126,0
89,126,0
91,126,0
93,126,0
95,126,0
97,126,1
99,126,0
1,127,0
3,127,0
5,127,1
7,127,0
9,127,0
11,127,1
13,127,0
15,127,0
17,127,1
19,127,0
21,127,0
23,127,1
25,127,0
27,127,0
29,127,0
31,127,0
33,127,0
35,127,0
37,127,1
39,127,0
41,127,0
43,127,0
45,127,0
47,127,0
49,127,0
51,127,0
53,127,0
55,127,0
57,127,0
59,127,0
61,127,1
63,127,1
65,127,1
67,127,1
69,127,0
71,127,0
73,127,0
75,127,0
77,127,0
79,127,0
81,127,0
83,127,0
85,127,0
87,127,0
89,127,0
91,127,0
93,127,0
95,127,0
97,127,1
99,127,0
1,128,0
3,128,0
5,128,1
7,128,1
9,128,1
11,128,1
13,128,1
15,128,0
17,128,1
19,128,0
21,128,0
23,128,1
25,128,1
27,128,0
29,128,0
31,128,1
33,128,0
35,128,1
37,128,1
39,128,1
41,128,0
43,128,0
45,128,0
47,128,1
49,128,0
51,128,1
53,128,0
55,128,1
57,128,0
59,128,1
61,128,0
63,128,0
65,128,0
67,128,1
69,128,1
71,128,0
73,128,1
75,128,1
77,128,1
79,128,1
81,128,1
83,128,1
85,128,0
87,128,1
89,128,0
91,128,1
93,128,1
95,128,0
97,128,1
99,128,1
1,129,1
3,129,1
5,129,1
7,129,1
9,129,1
11,129,1
13,129,1
15,129,1
17,129,1
19,129,1
21,129,1
23,129,1
25,129,1
27,129,1
29,129,1
31,129,1
33,129,1
35,129,1
37,129,1
39,129,1
41,129,1
43,129,1
45,129,1
47,129,1
49,129,1
51,129,1
53,129,1
55,129,1
57,129,1
59,129,1
61,129,1
63,129,1
65,129,1
67,129,1
69,129,1
71,129,1
73,129,1
75,129,1
77,129,1
79,129,1
81,129,1
83,129,1
85,129,1
87,129,1
89,129,1
91,129,1
93,129,1
95,129,1
97,129,1
99,129,1
1,130,1
3,130,1
5,130,1
7,130,1
9,130,1
11,130,1
13,130,1
15,130,1
17,130,1
19,130,1
21,130,1
23,130,1
25,130,1
27,130,1
29,130,1
31,130,1
33,130,1
35,130,1
37,130,1
39,130,1
41,130,1
43,130,1
45,130,1
47,130,1
49,130,1
51,130,1
53,130,1
55,130,1
57,130,1
59,130,1
61,130,1
63,130,1
65,130,1
67,130,1
69,130,1
71,130,1
73,130,1
75,130,1
77,130,0
79,130,1
81,130,1
83,130,1
85,130,1
87,130,1
89,130,1
91,130,1
93,130,1
95,130,1
97,130,1
99,130,1
1,131,1
3,131,1
5,131,1
7,131,1
9,131,1
11,131,1
13,131,1
15,131,1
17,131,1
19,131,1
21,131,1
23,131,1
25,131,1
27,131,1
29,131,1
31,131,1
33,131,1
35,131,1
37,131,1
39,131,1
41,131,1
43,131,1
45,131,1
47,131,1
49,131,1
51,131,1
53,131,1
55,131,1
57,131,1
59,131,1
61,131,1
63,131,0
65,131,1
67,131,1
69,131,1
71,131,0
73,131,1
75,131,1
77,131,0
79,131,1
81,131,1
83,131,1
85,131,1
87,131,1
89,131,1
91,131,1
93,131,1
95,131,1
97,131,1
99,131,1
1,132,1
3,132,1
5,132,1
7,132,1
9,132,1
11,132,1
13,132,0
15,132,1
17,132,1
19,132,1
21,132,1
23,132,1
25,132,1
27,132,1
29,132,1
31,132,1
33,132,1
35,132,1
37,132,1
39,132,1
41,132,1
43,132,1
45,132,1
47,132,0
49,132,1
51,132,1
53,132,1
55,132,1
57,132,1
59,132,1
61,132,1
63,132,1
65,132,1
67,132,1
69,132,1
71,132,0
73,132,1
75,132,1
77,132,0
79,132,1
81,132,1
83,132,1
85,132,1
87,132,1
89,132,1
91,132,1
93,132,1
95,132,1
97,132,1
99,132,1
1,133,1
3,133,1
5,133,1
7,133,1
9,133,1
11,133,0
13,133,1
15,133,1
17,133,1
19,133,1
21,133,0
23,133,1
25,133,1
27,133,1
29,133,1
31,133,1
33,133,1
35,133,1
37,133,1
39,133,1
41,133,1
43,133,1
45,133,1
47,133,1
49,133,1
51,133,1
53,133,1
55,133,1
57,133,1
59,133,1
61,133,1
63,133,1
65,133,1
67,133,1
69,133,0
71,133,1
73,133,1
75,133,1
77,133,1
79,133,0
81,133,1
83,133,1
85,133,1
87,133,1
89,133,1
91,133,1
93,133,1
95,133,1
97,133,0
99,133,1
1,134,0
3,134,1
5,134,0
7,134,1
9,134,1
11,134,1
13,134,1
15,134,0
17,134,1
19,134,0
21,134,0
23,134,1
25,134,1
27,134,1
29,134,0
31,134,1
33,134,0
35,134,0
37,134,1
39,134,1
41,134,1
43,134,1
45,134,1
47,134,0
49,134,1
51,134,1
53,134,0
55,134,1
57,134,1
59,134,1
61,134,1
63,134,1
65,134,1
67,134,1
69,134,0
71,134,0
73,134,1
75,134,1
77,134,0
79,134,1
81,134,1
83,134,1
85,134,0
87,134,1
89,134,1
91,134,1
93,134,0
95,134,1
97,134,0
99,134,1
1,135,1
3,135,1
5,135,1
7,135,1
9,135,1
11,135,1
13,135,1
15,135,1
17,135,1
19,135,0
21,135,1
23,135,1
25,135,1
27,135,1
29,135,1
31,135,1
33,135,1
35,135,1
37,135,1
39,135,1
41,135,1
43,135,1
45,135,1
47,135,1
49,135,1
51,135,1
53,135,1
55,135,1
57,135,1
59,135,1
61,135,1
63,135,1
65,135,1
67,135,1
69,135,1
71,135,1
73,135,1
75,135,1
77,135,1
79,135,1
81,135,1
83,135,1
85,135,1
87,135,1
89,135,1
91,135,1
93,135,1
95,135,1
97,135,1
99,135,1
1,136,1
3,136,1
5,136,1
7,136,1
9,136,1
11,136,1
13,136,1
15,136,1
17,136,1
19,136,0
21,136,1
23,136,1
25,136,1
27,136,0
29,136,1
31,136,1
33,136,1
35,136,1
37,136,1
39,136,1
41,136,1
43,136,1
45,136,1
47,136,1
49,136,0
51,136,1
53,136,0
55,136,1
57,136,1
59,136,1
61,136,1
63,136,1
65,136,1
67,136,1
69,136,1
71,136,0
73,136,0
75,136,1
77,136,0
79,136,1
81,136,1
83,136,1
85,136,1
87,136,0
89,136,1
91,136,1
93,136,1
95,136,1
97,136,1
99,136,1
1,137,1
3,137,1
5,137,1
7,137,1
9,137,1
11,137,1
13,137,1
15,137,1
17,137,1
19,137,1
21,137,1
23,137,1
25,137,1
27,137,0
29,137,0
31,137,1
33,137,1
35,137,1
37,137,1
39,137,0
41,137,1
43,137,1
45,137,1
47,137,1
49,137,1
51,137,1
53,137,1
55,137,1
57,137,0
59,137,1
61,137,1
63,137,1
65,137,1
67,137,1
69,137,1
71,137,1
73,137,1
75,137,1
77,137,0
79,137,1
81,137,1
83,137,1
85,137,1
87,137,1
89,137,1
91,137,1
93,137,1
95,137,1
97,137,1
99,137,0
1,138,1
3,138,1
5,138,0
7,138,1
9,138,1
11,138,1
13,138,1
15,138,0
17,138,1
19,138,0
21,138,0
23,138,1
25,138,1
27,138,0
29,138,1
31,138,1
33,138,0
35,138,1
37,138,1
39,138,1
41,138,1
43,138,1
45,138,1
47,138,0
49,138,0
51,138,1
53,138,1
55,138,0
57,138,0
59,138,1
61,138,0
63,138,0
65,138,1
67,138,0
69,138,1
71,138,0
73,138,1
75,138,1
77,138,0
79,138,0
81,138,1
83,138,1
85,138,0
87,138,1
89,138,1
91,138,0
93,138,0
95,138,1
97,138,0
99,138,1
1,139,0
3,139,0
5,139,0
7,139,0
9,139,0
11,139,0
13,139,0
15,139,1
17,139,0
19,139,0
21,139,1
23,139,0
25,139,0
27,139,0
29,139,0
31,139,0
33,139,0
35,139,0
37,139,0
39,139,0
41,139,0
43,139,1
45,139,0
47,139,0
49,139,0
51,139,0
53,139,0
55,139,1
57,139,0
59,139,0
61,139,0
63,139,0
65,139,0
67,139,0
69,139,0
71,139,0
73,139,0
75,139,0
77,139,0
79,139,0
81,139,0
83,139,0
85,139,0
87,139,0
89,139,0
91,139,0
93,139,0
95,139,0
97,139,0
99,139,0
1,140,1
3,140,1
5,140,1
7,140,1
9,140,0
11,140,1
13,140,1
15,140,0
17,140,1
19,140,0
21,140,1
23,140,0
25,140,1
27,140,1
29,140,0
31,140,1
33,140,1
35,140,1
37,140,0
39,140,1
41,140,1
43,140,1
45,140,0
47,140,0
49,140,0
51,140,1
53,140,0
55,140,1
57,140,1
59,140,1
61,140,1
63,140,0
65,140,1
67,140,1
69,140,0
71,140,1
73,140,1
75,140,1
77,140,0
79,140,0
81,140,0
83,140,1
85,140,1
87,140,1
89,140,0
91,140,1
93,140,1
95,140,1
97,140,0
99,140,1
1,141,1
3,141,1
5,141,1
7,141,1
9,141,1
11,141,0
13,141,1
15,141,0
17,141,1
19,141,1
21,141,0
23,141,1
25,141,1
27,141,0
29,141,0
31,141,1
33,141,0
35,141,1
37,141,1
39,141,1
41,141,0
43,141,1
45,141,0
47,141,0
49,141,1
51,141,1
53,141,1
55,141,1
57,141,1
59,141,1
61,141,1
63,141,0
65,141,1
67,141,0
69,141,1
71,141,1
73,141,1
75,141,1
77,141,1
79,141,1
81,141,1
83,141,0
85,141,0
87,141,1
89,141,1
91,141,1
93,141,1
95,141,1
97,141,1
99,141,1
1,142,1
3,142,1
5,142,1
7,142,1
9,142,1
11,142,1
13,142,1
15,142,1
17,142,1
19,142,1
21,142,1
23,142,1
25,142,1
27,142,1
29,142,1
31,142,1
33,142,1
35,142,1
37,142,1
39,142,1
41,142,1
43,142,1
45,142,1
47,142,1
49,142,1
51,142,1
53,142,1
55,142,1
57,142,1
59,142,1
61,142,1
63,142,1
65,142,1
67,142,1
69,142,1
71,142,0
73,142,1
75,142,1
77,142,0
79,142,1
81,142,1
83,142,1
85,142,1
87,142,1
89,142,1
91,142,0
93,142,1
95,142,1
97,142,1
99,142,1
1,143,1
3,143,0
5,143,1
7,143,1
9,143,1
11,143,1
13,143,1
15,143,1
17,143,1
19,143,1
21,143,0
23,143,1
25,143,1
27,143,1
29,143,1
31,143,1
33,143,1
35,143,1
37,143,1
39,143,1
41,143,1
43,143,1
45,143,1
47,143,1
49,143,1
51,143,1
53,143,1
55,143,1
57,143,0
59,143,1
61,143,1
63,143,1
65,143,1
67,143,1
69,143,0
71,143,1
73,143,1
75,143,1
77,143,1
79,143,1
81,143,1
83,143,1
85,143,1
87,143,1
89,143,1
91,143,1
93,143,1
95,143,1
97,143,1
99,143,1
1,144,1
3,144,0
5,144,0
7,144,1
9,144,1
11,144,1
13,144,0
15,144,1
17,144,1
19,144,0
21,144,1
23,144,1
25,144,1
27,144,1
29,144,1
31,144,1
33,144,1
35,144,1
37,144,1
39,144,1
41,144,1
43,144,1
45,144,1
47,144,0
49,144,1
51,144,1
53,144,1
55,144,1
57,144,0
59,144,1
61,144,0
63,144,1
65,144,1
67,144,1
69,144,1
71,144,0
73,144,1
75,144,1
77,144,1
79,144,1
81,144,1
83,144,1
85,144,1
87,144,1
89,144,1
91,144,0
93,144,0
95,144,0
97,144,1
99,144,0
1,145,1
3,145,1
5,145,1
7,145,1
9,145,1
11,145,1
13,145,1
15,145,1
17,145,1
19,145,1
21,145,1
23,145,1
25,145,1
27,145,1
29,145,1
31,145,1
33,145,1
35,145,1
37,145,0
39,145,1
41,145,1
43,145,1
45,145,0
47,145,1
49,145,1
51,145,1
53,145,1
55,145,1
57,145,1
59,145,1
61,145,1
63,145,1
65,145,1
67,145,1
69,145,1
71,145,1
73,145,1
75,145,1
77,145,1
79,145,1
81,145,1
83,145,1
85,145,1
87,145,1
89,145,1
91,145,1
93,145,1
95,145,1
97,145,1
99,145,1
1,146,1
3,146,1
5,146,1
7,146,1
9,146,0
11,146,1
13,146,0
15,146,0
17,146,1
19,146,1
21,146,0
23,146,1
25,146,1
27,146,1
29,146,1
31,146,1
33,146,0
35,146,1
37,146,1
39,146,1
41,146,0
43,146,1
45,146,1
47,146,0
49,146,1
51,146,1
53,146,1
55,146,1
57,146,1
59,146,1
61,146,1
63,146,1
65,146,1
67,146,1
69,146,1
71,146,1
73,146,1
75,146,1
77,146,1
79,146,1
81,146,1
83,146,0
85,146,0
87,146,1
89,146,1
91,146,0
93,146,1
95,146,1
97,146,1
99,146,0
1,147,1
3,147,1
5,147,1
7,147,1
9,147,1
11,147,1
13,147,1
15,147,1
17,147,1
19,147,1
21,147,1
23,147,1
25,147,1
27,147,1
29,147,1
31,147,1
33,147,1
35,147,1
37,147,1
39,147,1
41,147,1
43,147,1
45,147,1
47,147,1
49,147,1
51,147,1
53,147,1
55,147,1
57,147,1
59,147,1
61,147,1
63,147,1
65,147,1
67,147,1
69,147,1
71,147,1
73,147,1
75,147,1
77,147,1
79,147,1
81,147,1
83,147,1
85,147,1
87,147,1
89,147,1
91,147,1
93,147,1
95,147,1
97,147,1
99,147,1
1,148,0
3,148,0
5,148,0
7,148,0
9,148,0
11,148,0
13,148,0
15,148,0
17,148,0
19,148,0
21,148,1
23,148,0
25,148,0
27,148,0
29,148,0
31,148,0
33,148,0
35,148,0
37,148,0
39,148,0
41,148,0
43,148,0
45,148,0
47,148,0
49,148,0
51,148,0
53,148,0
55,148,0
57,148,0
59,148,0
61,148,0
63,148,0
65,148,0
67,148,0
69,148,1
71,148,0
73,148,0
75,148,1
77,148,0
79,148,0
81,148,0
83,148,0
85,148,0
87,148,0
89,148,0
91,148,0
93,148,0
95,148,0
97,148,0
99,148,0
1,149,1
3,149,1
5,149,1
7,149,1
9,149,1
11,149,1
13,149,1
15,149,1
17,149,1
19,149,1
21,149,0
23,149,1
25,149,1
27,149,1
29,149,0
31,149,1
33,149,1
35,149,0
37,149,1
39,149,1
41,149,0
43,149,1
45,149,1
47,149,0
49,149,1
51,149,1
53,149,1
55,149,1
57,149,1
59,149,0
61,149,0
63,149,1
65,149,1
67,149,1
69,149,1
71,149,1
73,149,1
75,149,0
77,149,1
79,149,1
81,149,1
83,149,0
85,149,0
87,149,1
89,149,1
91,149,1
93,149,1
95,149,0
97,149,1
99,149,0
1,150,1
3,150,0
5,150,1
7,150,0
9,150,1
11,150,1
13,150,1
15,150,1
17,150,1
19,150,1
21,150,1
23,150,1
25,150,1
27,150,0
29,150,1
31,150,1
33,150,1
35,150,1
37,150,1
39,150,1
41,150,1
43,150,1
45,150,1
47,150,1
49,150,1
51,150,1
53,150,1
55,150,1
57,150,1
59,150,1
61,150,1
63,150,0
65,150,1
67,150,1
69,150,1
71,150,1
73,150,1
75,150,1
77,150,0
79,150,0
81,150,1
83,150,1
85,150,1
87,150,1
89,150,1
91,150,1
93,150,1
95,150,1
97,150,1
99,150,1